[
null,
{"id":1,"list":[{"code":121,"indent":0,"parameters":[1,20,1]},{"code":122,"indent":0,"parameters":[1,20,0,0,0]},{"code":0,"indent":0,"parameters":[]}],"name":"汎用スイッチリセット","switchId":1,"trigger":0},
{"id":2,"list":[{"code":205,"indent":0,"parameters":[0,{"list":[{"code":45,"parameters":["this.tint([255,255,255,0], 20, true);"],"indent":null},{"code":15,"parameters":[80],"indent":null},{"code":45,"parameters":["this.tint([0,0,0,0], 20, true); "],"indent":null},{"code":15,"parameters":[60],"indent":0},{"code":0}],"repeat":false,"skippable":false,"wait":true}]},{"code":505,"indent":0,"parameters":[{"code":45,"parameters":["this.tint([255,255,255,0], 20, true);"],"indent":null}]},{"code":505,"indent":0,"parameters":[{"code":15,"parameters":[80],"indent":null}]},{"code":505,"indent":0,"parameters":[{"code":45,"parameters":["this.tint([0,0,0,0], 20, true); "],"indent":null}]},{"code":505,"indent":0,"parameters":[{"code":15,"parameters":[60],"indent":0}]},{"code":121,"indent":0,"parameters":[2,2,0]},{"code":0,"indent":0,"parameters":[]}],"name":"光る順パズル・出題フェーズ","switchId":1,"trigger":0},
{"id":3,"list":[{"code":108,"indent":0,"parameters":["--------------------------------------"]},{"code":408,"indent":0,"parameters":["■回答フェーズ時以外は何も起きない"]},{"code":111,"indent":0,"parameters":[1,10,0,2,4]},{"code":115,"indent":1,"parameters":[]},{"code":0,"indent":1,"parameters":[]},{"code":412,"indent":0,"parameters":[]},{"code":111,"indent":0,"parameters":[0,62,0]},{"code":115,"indent":1,"parameters":[]},{"code":0,"indent":1,"parameters":[]},{"code":412,"indent":0,"parameters":[]},{"code":111,"indent":0,"parameters":[6,-1,8]},{"code":0,"indent":1,"parameters":[]},{"code":411,"indent":0,"parameters":[]},{"code":115,"indent":1,"parameters":[]},{"code":0,"indent":1,"parameters":[]},{"code":412,"indent":0,"parameters":[]},{"code":108,"indent":0,"parameters":["--------------------------------------"]},{"code":408,"indent":0,"parameters":["■正否判定"]},{"code":408,"indent":0,"parameters":["スイッチ１に正否を、変数８にイベントIDを取得"]},{"code":355,"indent":0,"parameters":["const inputAnswer = $gamePlayer.regionId();"]},{"code":655,"indent":0,"parameters":["if (inputAnswer) {"]},{"code":655,"indent":0,"parameters":["  const rightAnswer = $gameVariables.value($gameVariables.value(9) + 1);"]},{"code":655,"indent":0,"parameters":["  $gameSwitches.setValue(1, inputAnswer === rightAnswer);"]},{"code":655,"indent":0,"parameters":["  const event = $gameMap.events().find("]},{"code":655,"indent":0,"parameters":["    e => e.event().meta.answer === String($gameVariables.value(9) + 1)"]},{"code":655,"indent":0,"parameters":["  );"]},{"code":655,"indent":0,"parameters":["  $gameVariables.setValue(8, event.eventId());"]},{"code":655,"indent":0,"parameters":["}"]},{"code":108,"indent":0,"parameters":["--------------------------------------"]},{"code":408,"indent":0,"parameters":["■剣のアニメーション"]},{"code":122,"indent":0,"parameters":[11,11,0,3,5,-1,0]},{"code":122,"indent":0,"parameters":[12,12,0,3,5,-1,1]},{"code":122,"indent":0,"parameters":[12,12,2,0,1]},{"code":121,"indent":0,"parameters":[3,3,0]},{"code":205,"indent":0,"parameters":[18,{"list":[{"code":45,"parameters":["this.setAngle(90);"],"indent":null},{"code":45,"parameters":["this.setOffsets(-24,-20);"],"indent":null},{"code":0}],"repeat":false,"skippable":false,"wait":true}]},{"code":505,"indent":0,"parameters":[{"code":45,"parameters":["this.setAngle(90);"],"indent":null}]},{"code":505,"indent":0,"parameters":[{"code":45,"parameters":["this.setOffsets(-24,-20);"],"indent":null}]},{"code":203,"indent":0,"parameters":[18,1,11,12,0]},{"code":205,"indent":0,"parameters":[18,{"list":[{"code":15,"parameters":[30],"indent":null},{"code":45,"parameters":["this.tint([255,255,255,0], 30, true);"],"indent":null},{"code":15,"parameters":[30],"indent":null},{"code":45,"parameters":["this.tint([0,0,0,0], 30, true); "],"indent":null},{"code":15,"parameters":[30],"indent":null},{"code":0}],"repeat":false,"skippable":false,"wait":true}]},{"code":505,"indent":0,"parameters":[{"code":15,"parameters":[30],"indent":null}]},{"code":505,"indent":0,"parameters":[{"code":45,"parameters":["this.tint([255,255,255,0], 30, true);"],"indent":null}]},{"code":505,"indent":0,"parameters":[{"code":15,"parameters":[30],"indent":null}]},{"code":505,"indent":0,"parameters":[{"code":45,"parameters":["this.tint([0,0,0,0], 30, true); "],"indent":null}]},{"code":505,"indent":0,"parameters":[{"code":15,"parameters":[30],"indent":null}]},{"code":121,"indent":0,"parameters":[3,3,1]},{"code":203,"indent":0,"parameters":[18,0,0,1,0]},{"code":205,"indent":0,"parameters":[18,{"list":[{"code":45,"parameters":["this.setOffsets(0,0);"],"indent":null},{"code":45,"parameters":["this.setAngle(0);"],"indent":null},{"code":0}],"repeat":false,"skippable":false,"wait":true}]},{"code":505,"indent":0,"parameters":[{"code":45,"parameters":["this.setOffsets(0,0);"],"indent":null}]},{"code":505,"indent":0,"parameters":[{"code":45,"parameters":["this.setAngle(0);"],"indent":null}]},{"code":108,"indent":0,"parameters":["--------------------------------------"]},{"code":408,"indent":0,"parameters":["■正否の処理"]},{"code":111,"indent":0,"parameters":[0,1,0]},{"code":205,"indent":1,"parameters":[0,{"list":[{"code":45,"parameters":["this.tint([255,255,255,0], 20, true);"],"indent":null},{"code":15,"parameters":[40],"indent":null},{"code":45,"parameters":["this.tint([0,0,0,0], 20, true); "],"indent":null},{"code":15,"parameters":[30],"indent":null},{"code":0}],"repeat":false,"skippable":false,"wait":true}]},{"code":505,"indent":1,"parameters":[{"code":45,"parameters":["this.tint([255,255,255,0], 20, true);"],"indent":null}]},{"code":505,"indent":1,"parameters":[{"code":15,"parameters":[40],"indent":null}]},{"code":505,"indent":1,"parameters":[{"code":45,"parameters":["this.tint([0,0,0,0], 20, true); "],"indent":null}]},{"code":505,"indent":1,"parameters":[{"code":15,"parameters":[30],"indent":null}]},{"code":250,"indent":1,"parameters":[{"name":"Chime2","volume":90,"pitch":100,"pan":0}]},{"code":121,"indent":1,"parameters":[1,1,1]},{"code":122,"indent":1,"parameters":[9,9,1,0,1]},{"code":111,"indent":1,"parameters":[1,9,0,6,1]},{"code":101,"indent":2,"parameters":["",0,0,2,"音声案内"]},{"code":401,"indent":2,"parameters":[""]},{"code":401,"indent":2,"parameters":["照合が完了しました。"]},{"code":204,"indent":2,"parameters":[8,5,4,true]},{"code":230,"indent":2,"parameters":[60]},{"code":250,"indent":2,"parameters":[{"name":"Door6","volume":90,"pitch":100,"pan":0}]},{"code":205,"indent":2,"parameters":[6,{"list":[{"code":36,"indent":null},{"code":19,"indent":null},{"code":0}],"repeat":false,"skippable":false,"wait":false}]},{"code":505,"indent":2,"parameters":[{"code":36,"indent":null}]},{"code":505,"indent":2,"parameters":[{"code":19,"indent":null}]},{"code":205,"indent":2,"parameters":[12,{"list":[{"code":36,"indent":null},{"code":19,"indent":null},{"code":0}],"repeat":false,"skippable":false,"wait":false}]},{"code":505,"indent":2,"parameters":[{"code":36,"indent":null}]},{"code":505,"indent":2,"parameters":[{"code":19,"indent":null}]},{"code":205,"indent":2,"parameters":[-1,{"list":[{"code":19,"indent":null},{"code":0}],"repeat":false,"skippable":false,"wait":false}]},{"code":505,"indent":2,"parameters":[{"code":19,"indent":null}]},{"code":205,"indent":2,"parameters":[16,{"list":[{"code":36,"indent":null},{"code":15,"parameters":[30],"indent":null},{"code":17,"indent":null},{"code":15,"parameters":[30],"indent":null},{"code":18,"indent":null},{"code":15,"parameters":[30],"indent":null},{"code":19,"indent":null},{"code":15,"parameters":[90],"indent":null},{"code":35,"indent":null},{"code":0}],"repeat":false,"skippable":false,"wait":true}]},{"code":505,"indent":2,"parameters":[{"code":36,"indent":null}]},{"code":505,"indent":2,"parameters":[{"code":15,"parameters":[30],"indent":null}]},{"code":505,"indent":2,"parameters":[{"code":17,"indent":null}]},{"code":505,"indent":2,"parameters":[{"code":15,"parameters":[30],"indent":null}]},{"code":505,"indent":2,"parameters":[{"code":18,"indent":null}]},{"code":505,"indent":2,"parameters":[{"code":15,"parameters":[30],"indent":null}]},{"code":505,"indent":2,"parameters":[{"code":19,"indent":null}]},{"code":505,"indent":2,"parameters":[{"code":15,"parameters":[90],"indent":null}]},{"code":505,"indent":2,"parameters":[{"code":35,"indent":null}]},{"code":241,"indent":2,"parameters":[{"name":"luise_m_scene10","volume":90,"pitch":100,"pan":0}]},{"code":213,"indent":2,"parameters":[6,3,false]},{"code":205,"indent":2,"parameters":[6,{"list":[{"code":29,"parameters":[5],"indent":null},{"code":1,"indent":null},{"code":1,"indent":null},{"code":3,"indent":null},{"code":3,"indent":null},{"code":3,"indent":null},{"code":3,"indent":null},{"code":4,"indent":null},{"code":4,"indent":null},{"code":4,"indent":null},{"code":4,"indent":null},{"code":45,"parameters":["this.balloon(3, false);"],"indent":0},{"code":29,"parameters":[1],"indent":null},{"code":14,"parameters":[0,0],"indent":null},{"code":15,"parameters":[10],"indent":null},{"code":14,"parameters":[0,0],"indent":null},{"code":0}],"repeat":false,"skippable":false,"wait":true}]},{"code":505,"indent":2,"parameters":[{"code":29,"parameters":[5],"indent":null}]},{"code":505,"indent":2,"parameters":[{"code":1,"indent":null}]},{"code":505,"indent":2,"parameters":[{"code":1,"indent":null}]},{"code":505,"indent":2,"parameters":[{"code":3,"indent":null}]},{"code":505,"indent":2,"parameters":[{"code":3,"indent":null}]},{"code":505,"indent":2,"parameters":[{"code":3,"indent":null}]},{"code":505,"indent":2,"parameters":[{"code":3,"indent":null}]},{"code":505,"indent":2,"parameters":[{"code":4,"indent":null}]},{"code":505,"indent":2,"parameters":[{"code":4,"indent":null}]},{"code":505,"indent":2,"parameters":[{"code":4,"indent":null}]},{"code":505,"indent":2,"parameters":[{"code":4,"indent":null}]},{"code":505,"indent":2,"parameters":[{"code":45,"parameters":["this.balloon(3, false);"],"indent":0}]},{"code":505,"indent":2,"parameters":[{"code":29,"parameters":[1],"indent":null}]},{"code":505,"indent":2,"parameters":[{"code":14,"parameters":[0,0],"indent":null}]},{"code":505,"indent":2,"parameters":[{"code":15,"parameters":[10],"indent":null}]},{"code":505,"indent":2,"parameters":[{"code":14,"parameters":[0,0],"indent":null}]},{"code":213,"indent":2,"parameters":[12,6,false]},{"code":230,"indent":2,"parameters":[60]},{"code":221,"indent":2,"parameters":[]},{"code":117,"indent":2,"parameters":[1]},{"code":201,"indent":2,"parameters":[0,76,12,8,8,2]},{"code":121,"indent":2,"parameters":[62,62,0]},{"code":313,"indent":2,"parameters":[0,1,1,1]},{"code":129,"indent":2,"parameters":[2,1,false]},{"code":129,"indent":2,"parameters":[3,1,false]},{"code":129,"indent":2,"parameters":[4,1,false]},{"code":129,"indent":2,"parameters":[7,1,false]},{"code":129,"indent":2,"parameters":[1,0,false]},{"code":129,"indent":2,"parameters":[5,0,false]},{"code":129,"indent":2,"parameters":[2,0,false]},{"code":129,"indent":2,"parameters":[3,0,false]},{"code":129,"indent":2,"parameters":[7,0,false]},{"code":129,"indent":2,"parameters":[4,0,false]},{"code":222,"indent":2,"parameters":[]},{"code":0,"indent":2,"parameters":[]},{"code":412,"indent":1,"parameters":[]},{"code":0,"indent":1,"parameters":[]},{"code":411,"indent":0,"parameters":[]},{"code":205,"indent":1,"parameters":[0,{"list":[{"code":45,"parameters":["this.tint([255,-255,-255,0], 20, true);"],"indent":null},{"code":15,"parameters":[40],"indent":null},{"code":45,"parameters":["this.tint([0,0,0,0], 20, true); "],"indent":null},{"code":15,"parameters":[30],"indent":null},{"code":0}],"repeat":false,"skippable":false,"wait":true}]},{"code":505,"indent":1,"parameters":[{"code":45,"parameters":["this.tint([255,-255,-255,0], 20, true);"],"indent":null}]},{"code":505,"indent":1,"parameters":[{"code":15,"parameters":[40],"indent":null}]},{"code":505,"indent":1,"parameters":[{"code":45,"parameters":["this.tint([0,0,0,0], 20, true); "],"indent":null}]},{"code":505,"indent":1,"parameters":[{"code":15,"parameters":[30],"indent":null}]},{"code":250,"indent":1,"parameters":[{"name":"Buzzer1","volume":90,"pitch":100,"pan":0}]},{"code":230,"indent":1,"parameters":[60]},{"code":221,"indent":1,"parameters":[]},{"code":117,"indent":1,"parameters":[1]},{"code":201,"indent":1,"parameters":[0,76,9,15,8,2]},{"code":129,"indent":1,"parameters":[2,1,false]},{"code":129,"indent":1,"parameters":[3,1,false]},{"code":129,"indent":1,"parameters":[4,1,false]},{"code":129,"indent":1,"parameters":[7,1,false]},{"code":129,"indent":1,"parameters":[1,0,false]},{"code":129,"indent":1,"parameters":[5,0,false]},{"code":129,"indent":1,"parameters":[2,0,false]},{"code":129,"indent":1,"parameters":[3,0,false]},{"code":129,"indent":1,"parameters":[7,0,false]},{"code":129,"indent":1,"parameters":[4,0,false]},{"code":101,"indent":1,"parameters":["",0,0,2,"音声案内"]},{"code":401,"indent":1,"parameters":[""]},{"code":401,"indent":1,"parameters":["最初から照合をやり直して下さい。"]},{"code":222,"indent":1,"parameters":[]},{"code":0,"indent":1,"parameters":[]},{"code":412,"indent":0,"parameters":[]},{"code":0,"indent":0,"parameters":[]}],"name":"光る順パネル・回答フェーズ","switchId":1,"trigger":0},
{"id":4,"list":[{"code":108,"indent":0,"parameters":["イベントコマンドと異なり、良い状態変化を解除しない。"]},{"code":313,"indent":0,"parameters":[0,0,1,1]},{"code":311,"indent":0,"parameters":[0,0,0,0,9999,false]},{"code":312,"indent":0,"parameters":[0,0,0,0,9999]},{"code":313,"indent":0,"parameters":[0,0,1,4]},{"code":313,"indent":0,"parameters":[0,0,1,5]},{"code":313,"indent":0,"parameters":[0,0,1,6]},{"code":313,"indent":0,"parameters":[0,0,1,7]},{"code":313,"indent":0,"parameters":[0,0,1,8]},{"code":313,"indent":0,"parameters":[0,0,1,9]},{"code":313,"indent":0,"parameters":[0,0,1,10]},{"code":313,"indent":0,"parameters":[0,0,1,15]},{"code":313,"indent":0,"parameters":[0,0,1,18]},{"code":313,"indent":0,"parameters":[0,0,1,20]},{"code":313,"indent":0,"parameters":[0,0,1,14]},{"code":0,"indent":0,"parameters":[]}],"name":"全員全回復","switchId":1,"trigger":0},
{"id":5,"list":[{"code":281,"indent":0,"parameters":[1]},{"code":111,"indent":0,"parameters":[0,100,0]},{"code":250,"indent":1,"parameters":[{"name":"Buzzer1","volume":90,"pitch":100,"pan":0}]},{"code":101,"indent":1,"parameters":["",0,1,1,""]},{"code":401,"indent":1,"parameters":[""]},{"code":401,"indent":1,"parameters":["\\>不思議な力によって、魔法の効果が打ち消された。"]},{"code":115,"indent":1,"parameters":[]},{"code":0,"indent":1,"parameters":[]},{"code":412,"indent":0,"parameters":[]},{"code":111,"indent":0,"parameters":[0,161,0]},{"code":102,"indent":1,"parameters":[["ルイーゼ宅","ベルウィーネ中心街","よろず屋「どんとこい」","タルガの温泉宿","地下拠点・広間","キャンセル"],4,0,1,0]},{"code":402,"indent":1,"parameters":[0,"ルイーゼ宅"]},{"code":250,"indent":2,"parameters":[{"name":"Teleport","volume":90,"pitch":100,"pan":0}]},{"code":117,"indent":2,"parameters":[1]},{"code":201,"indent":2,"parameters":[0,1,8,5,2,0]},{"code":0,"indent":2,"parameters":[]},{"code":402,"indent":1,"parameters":[1,"ベルウィーネ中心街"]},{"code":250,"indent":2,"parameters":[{"name":"Teleport","volume":90,"pitch":100,"pan":0}]},{"code":117,"indent":2,"parameters":[1]},{"code":201,"indent":2,"parameters":[0,6,12,8,2,0]},{"code":0,"indent":2,"parameters":[]},{"code":402,"indent":1,"parameters":[2,"よろず屋「どんとこい」"]},{"code":250,"indent":2,"parameters":[{"name":"Teleport","volume":90,"pitch":100,"pan":0}]},{"code":117,"indent":2,"parameters":[1]},{"code":201,"indent":2,"parameters":[0,12,4,9,2,0]},{"code":0,"indent":2,"parameters":[]},{"code":402,"indent":1,"parameters":[3,"タルガの温泉宿"]},{"code":250,"indent":2,"parameters":[{"name":"Teleport","volume":90,"pitch":100,"pan":0}]},{"code":117,"indent":2,"parameters":[1]},{"code":201,"indent":2,"parameters":[0,13,6,9,2,0]},{"code":0,"indent":2,"parameters":[]},{"code":402,"indent":1,"parameters":[4,"地下拠点・広間"]},{"code":250,"indent":2,"parameters":[{"name":"Teleport","volume":90,"pitch":100,"pan":0}]},{"code":117,"indent":2,"parameters":[1]},{"code":201,"indent":2,"parameters":[0,69,9,14,2,0]},{"code":0,"indent":2,"parameters":[]},{"code":402,"indent":1,"parameters":[5,"キャンセル"]},{"code":0,"indent":2,"parameters":[]},{"code":404,"indent":1,"parameters":[]},{"code":115,"indent":1,"parameters":[]},{"code":0,"indent":1,"parameters":[]},{"code":412,"indent":0,"parameters":[]},{"code":111,"indent":0,"parameters":[0,141,0]},{"code":102,"indent":1,"parameters":[["ルイーゼ宅","ベルウィーネ中心街","よろず屋「どんとこい」","タルガの温泉宿","キャンセル"],4,0,1,0]},{"code":402,"indent":1,"parameters":[0,"ルイーゼ宅"]},{"code":250,"indent":2,"parameters":[{"name":"Teleport","volume":90,"pitch":100,"pan":0}]},{"code":117,"indent":2,"parameters":[1]},{"code":201,"indent":2,"parameters":[0,1,8,5,2,0]},{"code":0,"indent":2,"parameters":[]},{"code":402,"indent":1,"parameters":[1,"ベルウィーネ中心街"]},{"code":250,"indent":2,"parameters":[{"name":"Teleport","volume":90,"pitch":100,"pan":0}]},{"code":117,"indent":2,"parameters":[1]},{"code":201,"indent":2,"parameters":[0,6,12,8,2,0]},{"code":0,"indent":2,"parameters":[]},{"code":402,"indent":1,"parameters":[2,"よろず屋「どんとこい」"]},{"code":250,"indent":2,"parameters":[{"name":"Teleport","volume":90,"pitch":100,"pan":0}]},{"code":117,"indent":2,"parameters":[1]},{"code":201,"indent":2,"parameters":[0,12,4,9,2,0]},{"code":0,"indent":2,"parameters":[]},{"code":402,"indent":1,"parameters":[3,"タルガの温泉宿"]},{"code":250,"indent":2,"parameters":[{"name":"Teleport","volume":90,"pitch":100,"pan":0}]},{"code":117,"indent":2,"parameters":[1]},{"code":201,"indent":2,"parameters":[0,13,6,9,2,0]},{"code":0,"indent":2,"parameters":[]},{"code":402,"indent":1,"parameters":[4,"キャンセル"]},{"code":0,"indent":2,"parameters":[]},{"code":404,"indent":1,"parameters":[]},{"code":115,"indent":1,"parameters":[]},{"code":0,"indent":1,"parameters":[]},{"code":412,"indent":0,"parameters":[]},{"code":111,"indent":0,"parameters":[0,121,0]},{"code":119,"indent":1,"parameters":["fenack"]},{"code":0,"indent":1,"parameters":[]},{"code":412,"indent":0,"parameters":[]},{"code":111,"indent":0,"parameters":[0,101,0]},{"code":119,"indent":1,"parameters":["belwiene"]},{"code":0,"indent":1,"parameters":[]},{"code":412,"indent":0,"parameters":[]},{"code":111,"indent":0,"parameters":[0,81,0]},{"code":119,"indent":1,"parameters":["fenack"]},{"code":0,"indent":1,"parameters":[]},{"code":412,"indent":0,"parameters":[]},{"code":108,"indent":0,"parameters":["----------------------------------------"]},{"code":408,"indent":0,"parameters":["■ベルウィーネ側"]},{"code":118,"indent":0,"parameters":["belwiene"]},{"code":102,"indent":0,"parameters":[["ルイーゼ宅","アントン宅","シュタイナー宅","町の中心部","キャンセル"],4,0,1,0]},{"code":402,"indent":0,"parameters":[0,"ルイーゼ宅"]},{"code":250,"indent":1,"parameters":[{"name":"Teleport","volume":90,"pitch":100,"pan":0}]},{"code":117,"indent":1,"parameters":[1]},{"code":201,"indent":1,"parameters":[0,1,8,4,2,0]},{"code":0,"indent":1,"parameters":[]},{"code":402,"indent":0,"parameters":[1,"アントン宅"]},{"code":250,"indent":1,"parameters":[{"name":"Teleport","volume":90,"pitch":100,"pan":0}]},{"code":117,"indent":1,"parameters":[1]},{"code":201,"indent":1,"parameters":[0,2,16,6,2,0]},{"code":0,"indent":1,"parameters":[]},{"code":402,"indent":0,"parameters":[2,"シュタイナー宅"]},{"code":250,"indent":1,"parameters":[{"name":"Teleport","volume":90,"pitch":100,"pan":0}]},{"code":117,"indent":1,"parameters":[1]},{"code":201,"indent":1,"parameters":[0,5,7,8,2,0]},{"code":0,"indent":1,"parameters":[]},{"code":402,"indent":0,"parameters":[3,"町の中心部"]},{"code":250,"indent":1,"parameters":[{"name":"Teleport","volume":90,"pitch":100,"pan":0}]},{"code":117,"indent":1,"parameters":[1]},{"code":201,"indent":1,"parameters":[0,6,12,8,2,0]},{"code":0,"indent":1,"parameters":[]},{"code":402,"indent":0,"parameters":[4,"キャンセル"]},{"code":0,"indent":1,"parameters":[]},{"code":404,"indent":0,"parameters":[]},{"code":115,"indent":0,"parameters":[]},{"code":108,"indent":0,"parameters":["----------------------------------------"]},{"code":408,"indent":0,"parameters":["■フェナック側"]},{"code":118,"indent":0,"parameters":["fenack"]},{"code":102,"indent":0,"parameters":[["ライルの家","よろず屋「どんとこい」","タルガの温泉宿","ロッテのスイートルーム","キャンセル"],4,0,1,0]},{"code":402,"indent":0,"parameters":[0,"ライルの家"]},{"code":250,"indent":1,"parameters":[{"name":"Teleport","volume":90,"pitch":100,"pan":0}]},{"code":117,"indent":1,"parameters":[1]},{"code":201,"indent":1,"parameters":[0,9,8,8,2,0]},{"code":0,"indent":1,"parameters":[]},{"code":402,"indent":0,"parameters":[1,"よろず屋「どんとこい」"]},{"code":250,"indent":1,"parameters":[{"name":"Teleport","volume":90,"pitch":100,"pan":0}]},{"code":117,"indent":1,"parameters":[1]},{"code":111,"indent":1,"parameters":[0,145,0]},{"code":201,"indent":2,"parameters":[0,11,4,9,2,0]},{"code":0,"indent":2,"parameters":[]},{"code":411,"indent":1,"parameters":[]},{"code":201,"indent":2,"parameters":[0,12,4,9,2,0]},{"code":0,"indent":2,"parameters":[]},{"code":412,"indent":1,"parameters":[]},{"code":0,"indent":1,"parameters":[]},{"code":402,"indent":0,"parameters":[2,"タルガの温泉宿"]},{"code":250,"indent":1,"parameters":[{"name":"Teleport","volume":90,"pitch":100,"pan":0}]},{"code":117,"indent":1,"parameters":[1]},{"code":111,"indent":1,"parameters":[0,145,0]},{"code":201,"indent":2,"parameters":[0,14,6,9,2,0]},{"code":0,"indent":2,"parameters":[]},{"code":411,"indent":1,"parameters":[]},{"code":201,"indent":2,"parameters":[0,13,6,9,2,0]},{"code":0,"indent":2,"parameters":[]},{"code":412,"indent":1,"parameters":[]},{"code":0,"indent":1,"parameters":[]},{"code":402,"indent":0,"parameters":[3,"ロッテのスイートルーム"]},{"code":250,"indent":1,"parameters":[{"name":"Teleport","volume":90,"pitch":100,"pan":0}]},{"code":117,"indent":1,"parameters":[1]},{"code":201,"indent":1,"parameters":[0,35,14,10,8,0]},{"code":0,"indent":1,"parameters":[]},{"code":402,"indent":0,"parameters":[4,"キャンセル"]},{"code":0,"indent":1,"parameters":[]},{"code":404,"indent":0,"parameters":[]},{"code":0,"indent":0,"parameters":[]}],"name":"脱出の石","switchId":1,"trigger":0},
{"id":6,"list":[{"code":249,"indent":0,"parameters":[{"name":"luise_m_me01","volume":90,"pitch":100,"pan":0}]},{"code":111,"indent":0,"parameters":[0,141,0]},{"code":101,"indent":1,"parameters":["",0,1,1,""]},{"code":401,"indent":1,"parameters":[""]},{"code":401,"indent":1,"parameters":["\\>広間にある扉の鍵が開いたようだ。"]},{"code":115,"indent":1,"parameters":[]},{"code":0,"indent":1,"parameters":[]},{"code":412,"indent":0,"parameters":[]},{"code":101,"indent":0,"parameters":["",0,1,1,""]},{"code":401,"indent":0,"parameters":[""]},{"code":401,"indent":0,"parameters":["\\>宝箱を覆っていた幻術が消えた。"]},{"code":0,"indent":0,"parameters":[]}],"name":"数値並べイベントクリア","switchId":1,"trigger":0},
{"id":7,"list":[{"code":111,"indent":0,"parameters":[6,-1,2]},{"code":111,"indent":1,"parameters":[12,"$gameMap.tileId($gamePlayer.x, $gamePlayer.y + 2, 0) < 2048"]},{"code":205,"indent":2,"parameters":[-1,{"list":[{"code":14,"parameters":[0,2],"indent":null},{"code":0}],"repeat":false,"skippable":true,"wait":true}]},{"code":505,"indent":2,"parameters":[{"code":14,"parameters":[0,2],"indent":null}]},{"code":0,"indent":2,"parameters":[]},{"code":412,"indent":1,"parameters":[]},{"code":0,"indent":1,"parameters":[]},{"code":412,"indent":0,"parameters":[]},{"code":111,"indent":0,"parameters":[6,-1,8]},{"code":111,"indent":1,"parameters":[12,"$gameMap.tileId($gamePlayer.x, $gamePlayer.y - 2, 0) < 2048"]},{"code":205,"indent":2,"parameters":[-1,{"list":[{"code":14,"parameters":[0,-2],"indent":null},{"code":0}],"repeat":false,"skippable":true,"wait":true}]},{"code":505,"indent":2,"parameters":[{"code":14,"parameters":[0,-2],"indent":null}]},{"code":0,"indent":2,"parameters":[]},{"code":412,"indent":1,"parameters":[]},{"code":0,"indent":1,"parameters":[]},{"code":412,"indent":0,"parameters":[]},{"code":111,"indent":0,"parameters":[6,-1,6]},{"code":111,"indent":1,"parameters":[12,"$gameMap.tileId($gamePlayer.x + 2, $gamePlayer.y, 0) < 2048"]},{"code":205,"indent":2,"parameters":[-1,{"list":[{"code":14,"parameters":[2,0],"indent":null},{"code":0}],"repeat":false,"skippable":true,"wait":true}]},{"code":505,"indent":2,"parameters":[{"code":14,"parameters":[2,0],"indent":null}]},{"code":0,"indent":2,"parameters":[]},{"code":412,"indent":1,"parameters":[]},{"code":0,"indent":1,"parameters":[]},{"code":412,"indent":0,"parameters":[]},{"code":111,"indent":0,"parameters":[6,-1,4]},{"code":111,"indent":1,"parameters":[12,"$gameMap.tileId($gamePlayer.x - 2, $gamePlayer.y, 0) < 2048"]},{"code":205,"indent":2,"parameters":[-1,{"list":[{"code":14,"parameters":[-2,0],"indent":null},{"code":0}],"repeat":false,"skippable":true,"wait":true}]},{"code":505,"indent":2,"parameters":[{"code":14,"parameters":[-2,0],"indent":null}]},{"code":0,"indent":2,"parameters":[]},{"code":412,"indent":1,"parameters":[]},{"code":0,"indent":1,"parameters":[]},{"code":412,"indent":0,"parameters":[]},{"code":0,"indent":0,"parameters":[]}],"name":"ジャンプで飛び越え","switchId":1,"trigger":0},
{"id":8,"list":[{"code":205,"indent":0,"parameters":[-1,{"list":[{"code":35,"indent":null},{"code":34,"indent":null},{"code":44,"parameters":[{"name":"Ice1","volume":90,"pitch":100,"pan":0}],"indent":null},{"code":12,"indent":null},{"code":36,"indent":null},{"code":33,"indent":null},{"code":0}],"repeat":false,"skippable":true,"wait":true}]},{"code":505,"indent":0,"parameters":[{"code":35,"indent":null}]},{"code":505,"indent":0,"parameters":[{"code":34,"indent":null}]},{"code":505,"indent":0,"parameters":[{"code":44,"parameters":[{"name":"Ice1","volume":90,"pitch":100,"pan":0}],"indent":null}]},{"code":505,"indent":0,"parameters":[{"code":12,"indent":null}]},{"code":505,"indent":0,"parameters":[{"code":36,"indent":null}]},{"code":505,"indent":0,"parameters":[{"code":33,"indent":null}]},{"code":0,"indent":0,"parameters":[]}],"name":"滑る床に乗った時","switchId":1,"trigger":0},
{"id":9,"list":[{"code":339,"indent":0,"parameters":[1,7,1,-1]},{"code":0,"indent":0,"parameters":[]}],"name":"クレミナの魔法剣","switchId":1,"trigger":0},
{"id":10,"list":[{"code":245,"indent":0,"parameters":[{"name":"","volume":90,"pitch":100,"pan":0}]},{"code":111,"indent":0,"parameters":[0,164,0]},{"code":241,"indent":1,"parameters":[{"name":"luise_m_town06","volume":90,"pitch":100,"pan":0}]},{"code":115,"indent":1,"parameters":[]},{"code":0,"indent":1,"parameters":[]},{"code":412,"indent":0,"parameters":[]},{"code":111,"indent":0,"parameters":[0,141,0]},{"code":111,"indent":1,"parameters":[0,83,0]},{"code":241,"indent":2,"parameters":[{"name":"luise_m_town06","volume":90,"pitch":100,"pan":0}]},{"code":0,"indent":2,"parameters":[]},{"code":411,"indent":1,"parameters":[]},{"code":241,"indent":2,"parameters":[{"name":"luise_m_town05","volume":90,"pitch":100,"pan":0}]},{"code":0,"indent":2,"parameters":[]},{"code":412,"indent":1,"parameters":[]},{"code":115,"indent":1,"parameters":[]},{"code":0,"indent":1,"parameters":[]},{"code":412,"indent":0,"parameters":[]},{"code":111,"indent":0,"parameters":[0,83,0]},{"code":241,"indent":1,"parameters":[{"name":"luise_m_town01","volume":90,"pitch":100,"pan":0}]},{"code":0,"indent":1,"parameters":[]},{"code":411,"indent":0,"parameters":[]},{"code":241,"indent":1,"parameters":[{"name":"luise_m_town02","volume":90,"pitch":100,"pan":0}]},{"code":0,"indent":1,"parameters":[]},{"code":412,"indent":0,"parameters":[]},{"code":0,"indent":0,"parameters":[]}],"name":"BGM演奏・ベルウィーネ","switchId":1,"trigger":0},
{"id":11,"list":[{"code":111,"indent":0,"parameters":[0,123,0]},{"code":241,"indent":1,"parameters":[{"name":"luise_m_town04","volume":90,"pitch":100,"pan":0}]},{"code":0,"indent":1,"parameters":[]},{"code":411,"indent":0,"parameters":[]},{"code":241,"indent":1,"parameters":[{"name":"luise_m_town03","volume":90,"pitch":100,"pan":0}]},{"code":0,"indent":1,"parameters":[]},{"code":412,"indent":0,"parameters":[]},{"code":0,"indent":0,"parameters":[]}],"name":"BGM演奏・フェナック村","switchId":1,"trigger":0},
{"id":12,"list":[{"code":111,"indent":0,"parameters":[0,144,0]},{"code":241,"indent":1,"parameters":[{"name":"luise_m_dungeon04","volume":90,"pitch":100,"pan":0}]},{"code":0,"indent":1,"parameters":[]},{"code":411,"indent":0,"parameters":[]},{"code":241,"indent":1,"parameters":[{"name":"luise_m_dungeon04_2","volume":90,"pitch":100,"pan":0}]},{"code":0,"indent":1,"parameters":[]},{"code":412,"indent":0,"parameters":[]},{"code":0,"indent":0,"parameters":[]}],"name":"BGM演奏・源泉坑道","switchId":1,"trigger":0},
{"id":13,"list":[{"code":205,"indent":0,"parameters":[0,{"list":[{"code":15,"parameters":[5],"indent":null},{"code":45,"parameters":["this.moveOffsets(4,0);"],"indent":null},{"code":15,"parameters":[5],"indent":null},{"code":45,"parameters":["this.moveOffsets(-8,0);"],"indent":null},{"code":15,"parameters":[5],"indent":null},{"code":45,"parameters":["this.moveOffsets(8,0);"],"indent":null},{"code":15,"parameters":[5],"indent":null},{"code":45,"parameters":["this.moveOffsets(-8,0);"],"indent":null},{"code":15,"parameters":[5],"indent":null},{"code":45,"parameters":["this.moveOffsets(8,0);"],"indent":null},{"code":15,"parameters":[5],"indent":null},{"code":45,"parameters":["this.moveOffsets(-8,0);"],"indent":null},{"code":15,"parameters":[5],"indent":null},{"code":45,"parameters":["this.moveOffsets(4,0);"],"indent":null},{"code":15,"parameters":[30],"indent":null},{"code":0}],"repeat":false,"skippable":false,"wait":false}]},{"code":505,"indent":0,"parameters":[{"code":15,"parameters":[5],"indent":null}]},{"code":505,"indent":0,"parameters":[{"code":45,"parameters":["this.moveOffsets(4,0);"],"indent":null}]},{"code":505,"indent":0,"parameters":[{"code":15,"parameters":[5],"indent":null}]},{"code":505,"indent":0,"parameters":[{"code":45,"parameters":["this.moveOffsets(-8,0);"],"indent":null}]},{"code":505,"indent":0,"parameters":[{"code":15,"parameters":[5],"indent":null}]},{"code":505,"indent":0,"parameters":[{"code":45,"parameters":["this.moveOffsets(8,0);"],"indent":null}]},{"code":505,"indent":0,"parameters":[{"code":15,"parameters":[5],"indent":null}]},{"code":505,"indent":0,"parameters":[{"code":45,"parameters":["this.moveOffsets(-8,0);"],"indent":null}]},{"code":505,"indent":0,"parameters":[{"code":15,"parameters":[5],"indent":null}]},{"code":505,"indent":0,"parameters":[{"code":45,"parameters":["this.moveOffsets(8,0);"],"indent":null}]},{"code":505,"indent":0,"parameters":[{"code":15,"parameters":[5],"indent":null}]},{"code":505,"indent":0,"parameters":[{"code":45,"parameters":["this.moveOffsets(-8,0);"],"indent":null}]},{"code":505,"indent":0,"parameters":[{"code":15,"parameters":[5],"indent":null}]},{"code":505,"indent":0,"parameters":[{"code":45,"parameters":["this.moveOffsets(4,0);"],"indent":null}]},{"code":505,"indent":0,"parameters":[{"code":15,"parameters":[30],"indent":null}]},{"code":0,"indent":0,"parameters":[]}],"name":"震え大","switchId":1,"trigger":0},
{"id":14,"list":[{"code":205,"indent":0,"parameters":[0,{"list":[{"code":15,"parameters":[5],"indent":null},{"code":45,"parameters":["this.moveOffsets(2,0);"],"indent":null},{"code":15,"parameters":[5],"indent":null},{"code":45,"parameters":["this.moveOffsets(-4,0);"],"indent":null},{"code":15,"parameters":[5],"indent":null},{"code":45,"parameters":["this.moveOffsets(4,0);"],"indent":null},{"code":15,"parameters":[5],"indent":null},{"code":45,"parameters":["this.moveOffsets(-4,0);"],"indent":null},{"code":15,"parameters":[5],"indent":null},{"code":45,"parameters":["this.moveOffsets(4,0);"],"indent":null},{"code":15,"parameters":[5],"indent":null},{"code":45,"parameters":["this.moveOffsets(-4,0);"],"indent":null},{"code":15,"parameters":[5],"indent":null},{"code":45,"parameters":["this.moveOffsets(2,0);"],"indent":null},{"code":15,"parameters":[30],"indent":null},{"code":0}],"repeat":false,"skippable":false,"wait":false}]},{"code":505,"indent":0,"parameters":[{"code":15,"parameters":[5],"indent":null}]},{"code":505,"indent":0,"parameters":[{"code":45,"parameters":["this.moveOffsets(2,0);"],"indent":null}]},{"code":505,"indent":0,"parameters":[{"code":15,"parameters":[5],"indent":null}]},{"code":505,"indent":0,"parameters":[{"code":45,"parameters":["this.moveOffsets(-4,0);"],"indent":null}]},{"code":505,"indent":0,"parameters":[{"code":15,"parameters":[5],"indent":null}]},{"code":505,"indent":0,"parameters":[{"code":45,"parameters":["this.moveOffsets(4,0);"],"indent":null}]},{"code":505,"indent":0,"parameters":[{"code":15,"parameters":[5],"indent":null}]},{"code":505,"indent":0,"parameters":[{"code":45,"parameters":["this.moveOffsets(-4,0);"],"indent":null}]},{"code":505,"indent":0,"parameters":[{"code":15,"parameters":[5],"indent":null}]},{"code":505,"indent":0,"parameters":[{"code":45,"parameters":["this.moveOffsets(4,0);"],"indent":null}]},{"code":505,"indent":0,"parameters":[{"code":15,"parameters":[5],"indent":null}]},{"code":505,"indent":0,"parameters":[{"code":45,"parameters":["this.moveOffsets(-4,0);"],"indent":null}]},{"code":505,"indent":0,"parameters":[{"code":15,"parameters":[5],"indent":null}]},{"code":505,"indent":0,"parameters":[{"code":45,"parameters":["this.moveOffsets(2,0);"],"indent":null}]},{"code":505,"indent":0,"parameters":[{"code":15,"parameters":[30],"indent":null}]},{"code":0,"indent":0,"parameters":[]}],"name":"震え小","switchId":1,"trigger":0},
{"id":15,"list":[{"code":205,"indent":0,"parameters":[0,{"list":[{"code":15,"parameters":[5],"indent":null},{"code":45,"parameters":["this.moveOffsets(2,0);"],"indent":null},{"code":15,"parameters":[5],"indent":null},{"code":45,"parameters":["this.moveOffsets(-6,0);"],"indent":null},{"code":15,"parameters":[5],"indent":null},{"code":45,"parameters":["this.moveOffsets(6,0);"],"indent":null},{"code":15,"parameters":[5],"indent":null},{"code":45,"parameters":["this.moveOffsets(-4,0);"],"indent":null},{"code":15,"parameters":[5],"indent":null},{"code":45,"parameters":["this.moveOffsets(6,0);"],"indent":null},{"code":15,"parameters":[5],"indent":null},{"code":45,"parameters":["this.moveOffsets(-6,0);"],"indent":null},{"code":15,"parameters":[5],"indent":null},{"code":45,"parameters":["this.moveOffsets(2,0);"],"indent":null},{"code":15,"parameters":[30],"indent":null},{"code":0}],"repeat":false,"skippable":false,"wait":false}]},{"code":505,"indent":0,"parameters":[{"code":15,"parameters":[5],"indent":null}]},{"code":505,"indent":0,"parameters":[{"code":45,"parameters":["this.moveOffsets(2,0);"],"indent":null}]},{"code":505,"indent":0,"parameters":[{"code":15,"parameters":[5],"indent":null}]},{"code":505,"indent":0,"parameters":[{"code":45,"parameters":["this.moveOffsets(-6,0);"],"indent":null}]},{"code":505,"indent":0,"parameters":[{"code":15,"parameters":[5],"indent":null}]},{"code":505,"indent":0,"parameters":[{"code":45,"parameters":["this.moveOffsets(6,0);"],"indent":null}]},{"code":505,"indent":0,"parameters":[{"code":15,"parameters":[5],"indent":null}]},{"code":505,"indent":0,"parameters":[{"code":45,"parameters":["this.moveOffsets(-4,0);"],"indent":null}]},{"code":505,"indent":0,"parameters":[{"code":15,"parameters":[5],"indent":null}]},{"code":505,"indent":0,"parameters":[{"code":45,"parameters":["this.moveOffsets(6,0);"],"indent":null}]},{"code":505,"indent":0,"parameters":[{"code":15,"parameters":[5],"indent":null}]},{"code":505,"indent":0,"parameters":[{"code":45,"parameters":["this.moveOffsets(-6,0);"],"indent":null}]},{"code":505,"indent":0,"parameters":[{"code":15,"parameters":[5],"indent":null}]},{"code":505,"indent":0,"parameters":[{"code":45,"parameters":["this.moveOffsets(2,0);"],"indent":null}]},{"code":505,"indent":0,"parameters":[{"code":15,"parameters":[30],"indent":null}]},{"code":0,"indent":0,"parameters":[]}],"name":"ガクブル","switchId":1,"trigger":0},
{"id":16,"list":[{"code":242,"indent":0,"parameters":[1]},{"code":223,"indent":0,"parameters":[[-255,-255,-255,0],1,true]},{"code":211,"indent":0,"parameters":[1]},{"code":134,"indent":0,"parameters":[1]},{"code":117,"indent":0,"parameters":[4]},{"code":117,"indent":0,"parameters":[1]},{"code":111,"indent":0,"parameters":[0,161,0]},{"code":119,"indent":1,"parameters":["Fenack"]},{"code":0,"indent":1,"parameters":[]},{"code":412,"indent":0,"parameters":[]},{"code":111,"indent":0,"parameters":[0,141,0]},{"code":119,"indent":1,"parameters":["Belwiene"]},{"code":0,"indent":1,"parameters":[]},{"code":412,"indent":0,"parameters":[]},{"code":111,"indent":0,"parameters":[0,121,0]},{"code":119,"indent":1,"parameters":["Fenack"]},{"code":0,"indent":1,"parameters":[]},{"code":412,"indent":0,"parameters":[]},{"code":111,"indent":0,"parameters":[0,101,0]},{"code":119,"indent":1,"parameters":["Belwiene"]},{"code":0,"indent":1,"parameters":[]},{"code":412,"indent":0,"parameters":[]},{"code":111,"indent":0,"parameters":[0,81,0]},{"code":119,"indent":1,"parameters":["Fenack"]},{"code":0,"indent":1,"parameters":[]},{"code":412,"indent":0,"parameters":[]},{"code":281,"indent":0,"parameters":[0]},{"code":118,"indent":0,"parameters":["Belwiene"]},{"code":245,"indent":0,"parameters":[{"name":"","volume":90,"pitch":100,"pan":0}]},{"code":201,"indent":0,"parameters":[0,17,4,4,2,2]},{"code":119,"indent":0,"parameters":["continue"]},{"code":118,"indent":0,"parameters":["Fenack"]},{"code":245,"indent":0,"parameters":[{"name":"","volume":90,"pitch":100,"pan":0}]},{"code":201,"indent":0,"parameters":[0,29,4,11,2,2]},{"code":118,"indent":0,"parameters":["continue"]},{"code":132,"indent":0,"parameters":[{"name":"luise_m_battle01","volume":90,"pitch":100,"pan":0}]},{"code":223,"indent":0,"parameters":[[0,0,0,0],60,true]},{"code":0,"indent":0,"parameters":[]}],"name":"全滅時処理","switchId":1,"trigger":0},
{"id":17,"list":[{"code":101,"indent":0,"parameters":["",0,1,1,""]},{"code":401,"indent":0,"parameters":[""]},{"code":401,"indent":0,"parameters":["\\>ルイーゼの先祖のひとりが、"]},{"code":401,"indent":0,"parameters":["\\>英霊ノーゼンに対して愚痴や恨み節を書きなぐり続けた手記だ。"]},{"code":102,"indent":0,"parameters":[["読む","読まない"],1,1,1,0]},{"code":402,"indent":0,"parameters":[0,"読む"]},{"code":121,"indent":1,"parameters":[90,90,0]},{"code":101,"indent":1,"parameters":["",0,1,1,""]},{"code":401,"indent":1,"parameters":["\\>皆、勇者ノーゼンを崇めるが、あいつには地獄が相応しい。"]},{"code":401,"indent":1,"parameters":["\\>私がどれだけ務めを尽くし、祈り尽くしても、"]},{"code":401,"indent":1,"parameters":["\\>望みを聞いてくれなかったばかりか、"]},{"code":401,"indent":1,"parameters":["\\>今年も異常気象で作物が取れず皆飢えている。"]},{"code":101,"indent":1,"parameters":["",0,1,1,""]},{"code":401,"indent":1,"parameters":["\\>本当にノーゼンが見守っているのなら、"]},{"code":401,"indent":1,"parameters":["\\>こんなことを看過したりしないはずだ。"]},{"code":401,"indent":1,"parameters":["\\>私は永遠に奴を恨む。命がけで恨む。"]},{"code":401,"indent":1,"parameters":["\\>一族に代々伝わる奴の遺産とやらに呪いをかけてやる。"]},{"code":101,"indent":1,"parameters":["",0,1,1,""]},{"code":401,"indent":1,"parameters":["\\>あるいは薪がわりにくべてやる。"]},{"code":401,"indent":1,"parameters":["\\>その方がさぞ人の役に立つだろう。"]},{"code":401,"indent":1,"parameters":["\\>一族の誉れだとぬかし自分に管理人の役という面倒を押しつけ"]},{"code":401,"indent":1,"parameters":["\\>声ひとつ、労いひとつもかけてこない親族どもも呪ってやる……"]},{"code":111,"indent":1,"parameters":[2,"A",0]},{"code":230,"indent":2,"parameters":[10]},{"code":101,"indent":2,"parameters":["",0,0,2,"\\I[323]\\N[3]"]},{"code":401,"indent":2,"parameters":["……？　前に手にしたときよりも怨念が減ってる……？？"]},{"code":101,"indent":2,"parameters":["",0,0,2,"\\I[322]\\N[2]"]},{"code":401,"indent":2,"parameters":["ふふっ。ルイーゼがふざけたせいで、"]},{"code":401,"indent":2,"parameters":["恨むのを一瞬忘れたんじゃない？"]},{"code":115,"indent":2,"parameters":[]},{"code":0,"indent":2,"parameters":[]},{"code":412,"indent":1,"parameters":[]},{"code":123,"indent":1,"parameters":["A",0]},{"code":230,"indent":1,"parameters":[10]},{"code":101,"indent":1,"parameters":["",0,0,2,"\\I[322]\\N[2]"]},{"code":401,"indent":1,"parameters":["ノーゼンさん、世界中の精霊や神様と知り合いだし、"]},{"code":401,"indent":1,"parameters":["そんな人が英霊になったら、期待したくなるかもね……。"]},{"code":230,"indent":1,"parameters":[10]},{"code":101,"indent":1,"parameters":["",0,0,2,"\\I[320]\\N[1]"]},{"code":401,"indent":1,"parameters":["「サンタクロースに無視されてプレゼント貰えなかった」って、"]},{"code":401,"indent":1,"parameters":["本気でしょげて荒れてた子がいたのを思い出すよ。"]},{"code":230,"indent":1,"parameters":[10]},{"code":101,"indent":1,"parameters":["",0,0,2,"\\I[323]\\N[3]"]},{"code":401,"indent":1,"parameters":["たしか昔、うちの学校にいたな……。"]},{"code":230,"indent":1,"parameters":[10]},{"code":101,"indent":1,"parameters":["",0,0,2,"\\I[320]\\N[1]"]},{"code":401,"indent":1,"parameters":["……あたしなら、呪うくらいなら直談判の旅に出るわ。"]},{"code":401,"indent":1,"parameters":["英霊様が魔王と戦うために旅してまわったようにね。"]},{"code":401,"indent":1,"parameters":["手記のご先祖様連れてさ♪"]},{"code":230,"indent":1,"parameters":[10]},{"code":101,"indent":1,"parameters":["",0,1,1,""]},{"code":401,"indent":1,"parameters":[""]},{"code":401,"indent":1,"parameters":["\\>そう言いながら"]},{"code":401,"indent":1,"parameters":["\\>ルイーゼは手記を指先でくるくる回した。"]},{"code":0,"indent":1,"parameters":[]},{"code":402,"indent":0,"parameters":[1,"読まない"]},{"code":0,"indent":1,"parameters":[]},{"code":404,"indent":0,"parameters":[]},{"code":0,"indent":0,"parameters":[]}],"name":"恨みの手記","switchId":1,"trigger":0},
{"id":18,"list":[{"code":108,"indent":0,"parameters":["----------------------------------------"]},{"code":408,"indent":0,"parameters":["前提条件："]},{"code":408,"indent":0,"parameters":["プレイヤーがこのイベントの左右いずれかに隣接している"]},{"code":408,"indent":0,"parameters":["----------------------------------------"]},{"code":205,"indent":0,"parameters":[0,{"list":[{"code":25,"indent":null},{"code":44,"parameters":[{"name":"Equip2","volume":90,"pitch":130,"pan":0}],"indent":null},{"code":45,"parameters":["this.setOffsetFwd(24);"],"indent":null},{"code":0}],"repeat":false,"skippable":false,"wait":false}]},{"code":505,"indent":0,"parameters":[{"code":25,"indent":null}]},{"code":505,"indent":0,"parameters":[{"code":44,"parameters":[{"name":"Equip2","volume":90,"pitch":130,"pan":0}],"indent":null}]},{"code":505,"indent":0,"parameters":[{"code":45,"parameters":["this.setOffsetFwd(24);"],"indent":null}]},{"code":205,"indent":0,"parameters":[-1,{"list":[{"code":15,"parameters":[5],"indent":null},{"code":45,"parameters":["this.setOffsets(4,0);"],"indent":null},{"code":15,"parameters":[5],"indent":null},{"code":45,"parameters":["this.setOffsets(-4,0);"],"indent":null},{"code":15,"parameters":[5],"indent":null},{"code":45,"parameters":["this.setOffsets(4,0);"],"indent":null},{"code":15,"parameters":[5],"indent":null},{"code":45,"parameters":["this.setOffsets(-4,0);"],"indent":null},{"code":15,"parameters":[5],"indent":null},{"code":45,"parameters":["this.setOffsets(4,0);"],"indent":null},{"code":15,"parameters":[5],"indent":null},{"code":45,"parameters":["this.setOffsets(-4,0);"],"indent":null},{"code":15,"parameters":[5],"indent":null},{"code":45,"parameters":["this.setOffsets(0,0);"],"indent":null},{"code":15,"parameters":[30],"indent":null},{"code":0}],"repeat":false,"skippable":false,"wait":true}]},{"code":505,"indent":0,"parameters":[{"code":15,"parameters":[5],"indent":null}]},{"code":505,"indent":0,"parameters":[{"code":45,"parameters":["this.setOffsets(4,0);"],"indent":null}]},{"code":505,"indent":0,"parameters":[{"code":15,"parameters":[5],"indent":null}]},{"code":505,"indent":0,"parameters":[{"code":45,"parameters":["this.setOffsets(-4,0);"],"indent":null}]},{"code":505,"indent":0,"parameters":[{"code":15,"parameters":[5],"indent":null}]},{"code":505,"indent":0,"parameters":[{"code":45,"parameters":["this.setOffsets(4,0);"],"indent":null}]},{"code":505,"indent":0,"parameters":[{"code":15,"parameters":[5],"indent":null}]},{"code":505,"indent":0,"parameters":[{"code":45,"parameters":["this.setOffsets(-4,0);"],"indent":null}]},{"code":505,"indent":0,"parameters":[{"code":15,"parameters":[5],"indent":null}]},{"code":505,"indent":0,"parameters":[{"code":45,"parameters":["this.setOffsets(4,0);"],"indent":null}]},{"code":505,"indent":0,"parameters":[{"code":15,"parameters":[5],"indent":null}]},{"code":505,"indent":0,"parameters":[{"code":45,"parameters":["this.setOffsets(-4,0);"],"indent":null}]},{"code":505,"indent":0,"parameters":[{"code":15,"parameters":[5],"indent":null}]},{"code":505,"indent":0,"parameters":[{"code":45,"parameters":["this.setOffsets(0,0);"],"indent":null}]},{"code":505,"indent":0,"parameters":[{"code":15,"parameters":[30],"indent":null}]},{"code":205,"indent":0,"parameters":[0,{"list":[{"code":45,"parameters":["this.setOffsets(0,0);"],"indent":null},{"code":0}],"repeat":false,"skippable":false,"wait":false}]},{"code":505,"indent":0,"parameters":[{"code":45,"parameters":["this.setOffsets(0,0);"],"indent":null}]},{"code":0,"indent":0,"parameters":[]}],"name":"２人ハグ","switchId":1,"trigger":0},
{"id":19,"list":[{"code":0,"indent":0,"parameters":[]}],"name":"","switchId":1,"trigger":0},
{"id":20,"list":[{"code":0,"indent":0,"parameters":[]}],"name":"","switchId":1,"trigger":0}
]