[
null,
{"id":1,"actions":[{"skillId":1,"rating":5,"conditionType":0,"conditionParam1":0,"conditionParam2":0},{"skillId":187,"rating":5,"conditionType":0,"conditionParam1":0,"conditionParam2":0}],"battlerHue":319,"battlerName":"SF_Timebomb","dropItems":[{"kind":1,"dataId":28,"denominator":1},{"kind":1,"dataId":58,"denominator":1},{"kind":1,"dataId":57,"denominator":1}],"exp":100,"traits":[{"code":22,"dataId":0,"value":2},{"code":22,"dataId":1,"value":0},{"code":31,"dataId":1,"value":0},{"code":11,"dataId":9,"value":1.5},{"code":11,"dataId":10,"value":1.5},{"code":11,"dataId":11,"value":1.5}],"gold":500,"name":"強力ゲイザーα","note":"","params":[264,10,44,52,30,54,22,43]},
{"id":2,"actions":[{"skillId":1,"rating":5,"conditionType":0,"conditionParam1":0,"conditionParam2":0},{"skillId":187,"rating":5,"conditionType":0,"conditionParam1":0,"conditionParam2":0}],"battlerHue":319,"battlerName":"SF_Timebomb","dropItems":[{"kind":0,"dataId":0,"denominator":1},{"kind":0,"dataId":0,"denominator":1},{"kind":0,"dataId":0,"denominator":1}],"exp":0,"traits":[{"code":22,"dataId":0,"value":2},{"code":22,"dataId":1,"value":0},{"code":31,"dataId":1,"value":0},{"code":11,"dataId":9,"value":1.5},{"code":11,"dataId":10,"value":1.5},{"code":11,"dataId":11,"value":1.5}],"gold":0,"name":"強力ゲイザー","note":"","params":[264,10,44,52,30,54,22,43]},
{"id":3,"actions":[{"skillId":1,"rating":5,"conditionType":0,"conditionParam1":0,"conditionParam2":0},{"skillId":188,"rating":5,"conditionType":0,"conditionParam1":0,"conditionParam2":0},{"skillId":189,"rating":5,"conditionType":0,"conditionParam1":0,"conditionParam2":0}],"battlerHue":92,"battlerName":"Petitdevil","dropItems":[{"kind":1,"dataId":69,"denominator":1},{"kind":1,"dataId":58,"denominator":1},{"kind":1,"dataId":57,"denominator":1}],"exp":100,"traits":[{"code":22,"dataId":0,"value":2},{"code":31,"dataId":1,"value":0},{"code":11,"dataId":9,"value":1.5}],"gold":500,"name":"インティオ","note":"","params":[472,20,57,65,70,56,29,46]},
{"id":4,"actions":[{"skillId":1,"rating":5,"conditionType":0,"conditionParam1":0,"conditionParam2":0},{"skillId":188,"rating":5,"conditionType":0,"conditionParam1":0,"conditionParam2":0},{"skillId":189,"rating":5,"conditionType":0,"conditionParam1":0,"conditionParam2":0}],"battlerHue":141,"battlerName":"Gnome","dropItems":[{"dataId":1,"denominator":1,"kind":0},{"dataId":1,"denominator":1,"kind":0},{"dataId":1,"denominator":1,"kind":0}],"exp":0,"traits":[{"code":22,"dataId":0,"value":2},{"code":31,"dataId":1,"value":0},{"code":11,"dataId":9,"value":1.5}],"gold":0,"name":"隊員ノーム","note":"","params":[472,15,57,65,70,56,29,46]},
{"id":5,"actions":[{"skillId":1,"rating":4,"conditionType":0,"conditionParam1":0,"conditionParam2":0},{"skillId":192,"rating":5,"conditionType":0,"conditionParam1":0,"conditionParam2":0}],"battlerHue":0,"battlerName":"Imp","dropItems":[{"kind":1,"dataId":67,"denominator":1},{"kind":1,"dataId":57,"denominator":1},{"kind":1,"dataId":58,"denominator":1}],"exp":250,"traits":[{"code":22,"dataId":0,"value":2},{"code":31,"dataId":1,"value":0},{"code":11,"dataId":10,"value":1.5}],"gold":1250,"name":"バディアス","note":"","params":[544,30,80,80,64,55,37,50]},
{"id":6,"actions":[{"skillId":1,"rating":5,"conditionType":0,"conditionParam1":0,"conditionParam2":0},{"skillId":192,"rating":3,"conditionType":0,"conditionParam1":0,"conditionParam2":0}],"battlerHue":0,"battlerName":"Demonpot","dropItems":[{"kind":0,"dataId":0,"denominator":1},{"kind":0,"dataId":0,"denominator":1},{"kind":0,"dataId":0,"denominator":1}],"exp":0,"traits":[{"code":22,"dataId":0,"value":2},{"code":31,"dataId":1,"value":0},{"code":11,"dataId":10,"value":1.5},{"code":11,"dataId":11,"value":1.5}],"gold":0,"name":"バディアスのお供","note":"","params":[544,30,80,80,64,55,37,50]},
{"id":7,"actions":[{"conditionParam1":0,"conditionParam2":0,"conditionType":0,"rating":5,"skillId":1},{"skillId":142,"rating":5,"conditionType":0,"conditionParam1":0,"conditionParam2":0},{"skillId":146,"rating":5,"conditionType":0,"conditionParam1":0,"conditionParam2":0}],"battlerHue":0,"battlerName":"Birdman","dropItems":[{"kind":1,"dataId":59,"denominator":1},{"kind":1,"dataId":57,"denominator":1},{"kind":1,"dataId":58,"denominator":1}],"exp":200,"traits":[{"code":22,"dataId":0,"value":2},{"code":31,"dataId":1,"value":0},{"code":22,"dataId":7,"value":0.1},{"code":11,"dataId":11,"value":1.5},{"code":13,"dataId":5,"value":0},{"code":13,"dataId":6,"value":0},{"code":13,"dataId":10,"value":0},{"code":13,"dataId":8,"value":0},{"code":13,"dataId":4,"value":0.35},{"code":61,"dataId":0,"value":1},{"code":61,"dataId":0,"value":1}],"gold":1000,"name":"バルジャン","note":"","params":[2222,300,92,100,60,65,45,125]},
{"id":8,"actions":[{"conditionParam1":0,"conditionParam2":0,"conditionType":0,"rating":5,"skillId":1},{"skillId":44,"rating":3,"conditionType":0,"conditionParam1":0,"conditionParam2":0}],"battlerHue":295,"battlerName":"Goblin","dropItems":[{"kind":1,"dataId":47,"denominator":1},{"kind":1,"dataId":58,"denominator":1},{"kind":1,"dataId":57,"denominator":1}],"exp":100,"traits":[{"code":22,"dataId":0,"value":2},{"code":31,"dataId":1,"value":0},{"code":11,"dataId":9,"value":1.5},{"code":11,"dataId":10,"value":1.5},{"code":11,"dataId":11,"value":1.5}],"gold":500,"name":"ゴブリンプリンス","note":"","params":[1271,50,121,120,45,75,38,50]},
{"id":9,"actions":[{"skillId":1,"rating":4,"conditionType":0,"conditionParam1":0,"conditionParam2":0},{"skillId":43,"rating":4,"conditionType":0,"conditionParam1":0,"conditionParam2":0},{"skillId":203,"rating":5,"conditionType":0,"conditionParam1":0,"conditionParam2":0},{"skillId":204,"rating":5,"conditionType":0,"conditionParam1":0,"conditionParam2":0}],"battlerHue":252,"battlerName":"Gnome","dropItems":[{"kind":1,"dataId":69,"denominator":1},{"kind":1,"dataId":59,"denominator":1},{"kind":1,"dataId":58,"denominator":1}],"exp":100,"traits":[{"code":22,"dataId":0,"value":1},{"code":31,"dataId":1,"value":0},{"code":11,"dataId":10,"value":1.5}],"gold":500,"name":"中隊長ノーム","note":"","params":[1271,50,105,120,81,75,38,50]},
{"id":10,"actions":[{"skillId":1,"rating":4,"conditionType":0,"conditionParam1":0,"conditionParam2":0},{"skillId":42,"rating":5,"conditionType":0,"conditionParam1":0,"conditionParam2":0}],"battlerHue":192,"battlerName":"Crow","dropItems":[{"kind":1,"dataId":54,"denominator":1},{"kind":1,"dataId":57,"denominator":1},{"kind":1,"dataId":59,"denominator":1}],"exp":100,"traits":[{"code":22,"dataId":0,"value":1},{"code":31,"dataId":1,"value":0},{"code":11,"dataId":11,"value":1.5}],"gold":500,"name":"ゴールデンクロウ","note":"","params":[1271,50,105,120,88,75,38,50]},
{"id":11,"actions":[{"skillId":5,"rating":5,"conditionType":0,"conditionParam1":0,"conditionParam2":0},{"skillId":205,"rating":5,"conditionType":0,"conditionParam1":0,"conditionParam2":0}],"battlerHue":0,"battlerName":"Treant","dropItems":[{"kind":1,"dataId":54,"denominator":1},{"kind":1,"dataId":65,"denominator":1},{"kind":1,"dataId":59,"denominator":1}],"exp":500,"traits":[{"code":22,"dataId":0,"value":2},{"code":31,"dataId":3,"value":0},{"code":22,"dataId":7,"value":0.1},{"code":11,"dataId":12,"value":0.05},{"code":11,"dataId":9,"value":1.5}],"gold":2500,"name":"ユグドル","note":"","params":[1971,100,122,122,122,83,35,92]},
{"id":12,"actions":[{"skillId":1,"rating":4,"conditionType":0,"conditionParam1":0,"conditionParam2":0},{"skillId":192,"rating":4,"conditionType":0,"conditionParam1":0,"conditionParam2":0},{"skillId":206,"rating":5,"conditionType":0,"conditionParam1":0,"conditionParam2":0}],"battlerHue":0,"battlerName":"Imp","dropItems":[{"kind":1,"dataId":68,"denominator":1},{"kind":1,"dataId":57,"denominator":1},{"kind":1,"dataId":58,"denominator":1}],"exp":250,"traits":[{"code":22,"dataId":0,"value":2},{"code":31,"dataId":1,"value":0},{"code":23,"dataId":0,"value":2.5},{"code":62,"dataId":2,"value":1},{"code":11,"dataId":10,"value":1.5}],"gold":1500,"name":"バディアス・ネオ","note":"","params":[1325,100,110,122,122,75,40,62]},
{"id":13,"actions":[{"skillId":1,"rating":3,"conditionType":0,"conditionParam1":0,"conditionParam2":0},{"skillId":42,"rating":5,"conditionType":0,"conditionParam1":0,"conditionParam2":0},{"skillId":43,"rating":5,"conditionType":0,"conditionParam1":0,"conditionParam2":0},{"skillId":44,"rating":5,"conditionType":0,"conditionParam1":0,"conditionParam2":0},{"skillId":45,"rating":5,"conditionType":0,"conditionParam1":0,"conditionParam2":0}],"battlerHue":92,"battlerName":"Petitdevil","dropItems":[{"kind":3,"dataId":62,"denominator":1},{"kind":1,"dataId":4,"denominator":1},{"kind":1,"dataId":59,"denominator":1}],"exp":400,"traits":[{"code":22,"dataId":0,"value":2},{"code":31,"dataId":1,"value":0},{"code":11,"dataId":10,"value":1.5}],"gold":2000,"name":"インティオ・ネオ","note":"","params":[1266,100,110,150,160,100,65,225]},
{"id":14,"actions":[{"skillId":5,"rating":4,"conditionType":0,"conditionParam1":0,"conditionParam2":0},{"skillId":4,"rating":5,"conditionType":0,"conditionParam1":0,"conditionParam2":0}],"battlerHue":0,"battlerName":"Wolfman","dropItems":[{"kind":1,"dataId":47,"denominator":1},{"kind":1,"dataId":43,"denominator":1},{"kind":1,"dataId":58,"denominator":1}],"exp":500,"traits":[{"code":22,"dataId":0,"value":2},{"code":31,"dataId":1,"value":0},{"code":11,"dataId":12,"value":0.01},{"code":11,"dataId":9,"value":1.5},{"code":11,"dataId":10,"value":1.5},{"code":11,"dataId":11,"value":1.5}],"gold":2500,"name":"ガルディム","note":"","params":[1266,100,120,130,33,90,48,18]},
{"id":15,"actions":[{"skillId":1,"rating":3,"conditionType":0,"conditionParam1":0,"conditionParam2":0},{"skillId":147,"rating":5,"conditionType":0,"conditionParam1":0,"conditionParam2":0},{"skillId":146,"rating":4,"conditionType":0,"conditionParam1":0,"conditionParam2":0},{"skillId":209,"rating":4,"conditionType":0,"conditionParam1":0,"conditionParam2":0}],"battlerHue":0,"battlerName":"Darkelf","dropItems":[{"kind":1,"dataId":65,"denominator":1},{"kind":1,"dataId":46,"denominator":1},{"kind":1,"dataId":57,"denominator":1}],"exp":500,"traits":[{"code":22,"dataId":0,"value":2},{"code":31,"dataId":1,"value":0},{"code":11,"dataId":12,"value":0.01},{"code":11,"dataId":9,"value":1.5},{"code":11,"dataId":11,"value":1.5}],"gold":2500,"name":"ラザリクル","note":"","params":[1266,100,120,150,170,125,43,130]},
{"id":16,"actions":[{"skillId":210,"rating":5,"conditionType":1,"conditionParam1":1,"conditionParam2":3},{"skillId":211,"rating":5,"conditionType":1,"conditionParam1":2,"conditionParam2":3},{"skillId":35,"rating":5,"conditionType":1,"conditionParam1":0,"conditionParam2":3}],"battlerHue":0,"battlerName":"Ketos","dropItems":[{"kind":3,"dataId":62,"denominator":1},{"kind":1,"dataId":57,"denominator":1},{"kind":1,"dataId":58,"denominator":1}],"exp":800,"traits":[{"code":22,"dataId":0,"value":2},{"code":31,"dataId":1,"value":0},{"code":22,"dataId":7,"value":0.1},{"code":14,"dataId":4,"value":1},{"code":14,"dataId":5,"value":1},{"code":14,"dataId":6,"value":1},{"code":14,"dataId":7,"value":1},{"code":14,"dataId":8,"value":1},{"code":14,"dataId":9,"value":1},{"code":14,"dataId":10,"value":1},{"code":14,"dataId":18,"value":1},{"code":14,"dataId":14,"value":1},{"code":14,"dataId":15,"value":1},{"code":11,"dataId":12,"value":0},{"code":11,"dataId":11,"value":1.5}],"gold":4000,"name":"シャクトーム","note":"","params":[6200,9999,180,150,185,150,45,90]},
{"id":17,"actions":[{"skillId":1,"rating":4,"conditionType":0,"conditionParam1":0,"conditionParam2":0},{"skillId":212,"rating":7,"conditionType":1,"conditionParam1":0,"conditionParam2":3},{"skillId":213,"rating":7,"conditionType":1,"conditionParam1":0,"conditionParam2":3},{"skillId":214,"rating":7,"conditionType":1,"conditionParam1":0,"conditionParam2":3}],"battlerHue":0,"battlerName":"Demon","dropItems":[{"kind":2,"dataId":73,"denominator":1},{"kind":1,"dataId":64,"denominator":16},{"kind":1,"dataId":65,"denominator":16}],"exp":1200,"traits":[{"code":22,"dataId":0,"value":2},{"code":31,"dataId":10,"value":0},{"code":14,"dataId":4,"value":1},{"code":14,"dataId":5,"value":1},{"code":14,"dataId":6,"value":1},{"code":14,"dataId":7,"value":1},{"code":14,"dataId":8,"value":1},{"code":14,"dataId":9,"value":1},{"code":14,"dataId":10,"value":1},{"code":14,"dataId":18,"value":1},{"code":14,"dataId":14,"value":1},{"code":14,"dataId":15,"value":1}],"gold":6000,"name":"古代獣","note":"","params":[6500,9999,200,200,150,150,62,230]},
{"id":18,"actions":[{"conditionParam1":0,"conditionParam2":0,"conditionType":0,"rating":5,"skillId":1}],"battlerHue":0,"battlerName":"Stoneknight","dropItems":[{"kind":2,"dataId":72,"denominator":1},{"kind":1,"dataId":57,"denominator":1},{"kind":1,"dataId":58,"denominator":1}],"exp":100,"traits":[{"code":22,"dataId":0,"value":2},{"code":31,"dataId":1,"value":0},{"code":14,"dataId":4,"value":1},{"code":14,"dataId":5,"value":1},{"code":14,"dataId":6,"value":1},{"code":14,"dataId":7,"value":1},{"code":14,"dataId":8,"value":1},{"code":14,"dataId":9,"value":1},{"code":14,"dataId":10,"value":1},{"code":14,"dataId":18,"value":1},{"code":14,"dataId":14,"value":1},{"code":14,"dataId":15,"value":1}],"gold":500,"name":"地下室の番人","note":"","params":[375,0,88,66,45,35,35,20]},
{"id":19,"actions":[{"conditionParam1":0,"conditionParam2":0,"conditionType":0,"rating":5,"skillId":1}],"battlerHue":0,"battlerName":"","dropItems":[{"dataId":1,"denominator":1,"kind":0},{"dataId":1,"denominator":1,"kind":0},{"dataId":1,"denominator":1,"kind":0}],"exp":0,"traits":[{"code":22,"dataId":0,"value":0.95},{"code":22,"dataId":1,"value":0.05},{"code":31,"dataId":1,"value":0}],"gold":0,"name":"","note":"","params":[100,0,10,10,10,10,10,10]},
{"id":20,"actions":[{"conditionParam1":0,"conditionParam2":0,"conditionType":0,"rating":5,"skillId":1}],"battlerHue":0,"battlerName":"","dropItems":[{"dataId":1,"denominator":1,"kind":0},{"dataId":1,"denominator":1,"kind":0},{"dataId":1,"denominator":1,"kind":0}],"exp":0,"traits":[{"code":22,"dataId":0,"value":0.95},{"code":22,"dataId":1,"value":0.05},{"code":31,"dataId":1,"value":0}],"gold":0,"name":"↑ここまでボス用","note":"","params":[100,0,10,10,10,10,10,10]},
{"id":21,"actions":[{"conditionParam1":0,"conditionParam2":0,"conditionType":0,"rating":5,"skillId":1},{"skillId":182,"rating":5,"conditionType":0,"conditionParam1":0,"conditionParam2":0},{"skillId":183,"rating":5,"conditionType":0,"conditionParam1":0,"conditionParam2":0}],"battlerHue":0,"battlerName":"Gnome","dropItems":[{"kind":1,"dataId":27,"denominator":6},{"kind":1,"dataId":19,"denominator":6},{"kind":1,"dataId":57,"denominator":8}],"exp":8,"traits":[{"code":22,"dataId":0,"value":1},{"code":31,"dataId":1,"value":0},{"code":11,"dataId":9,"value":1.5},{"code":11,"dataId":10,"value":1.5},{"code":11,"dataId":11,"value":1.5}],"gold":50,"name":"見習いノーム","note":"","params":[88,10,33,52,54,40,24,25]},
{"id":22,"actions":[{"conditionParam1":0,"conditionParam2":0,"conditionType":0,"rating":5,"skillId":1}],"battlerHue":0,"battlerName":"Goblin","dropItems":[{"kind":1,"dataId":21,"denominator":2},{"kind":1,"dataId":19,"denominator":8},{"kind":1,"dataId":58,"denominator":8}],"exp":8,"traits":[{"code":22,"dataId":0,"value":1},{"code":22,"dataId":2,"value":0.4},{"code":11,"dataId":9,"value":1.5},{"code":11,"dataId":10,"value":1.5},{"code":11,"dataId":11,"value":1.5}],"gold":48,"name":"下っ端ゴブリン","note":"","params":[100,0,30,52,7,38,19,22]},
{"id":23,"actions":[{"skillId":1,"rating":5,"conditionType":0,"conditionParam1":0,"conditionParam2":0},{"skillId":184,"rating":5,"conditionType":0,"conditionParam1":0,"conditionParam2":0}],"battlerHue":0,"battlerName":"SF_Timebomb","dropItems":[{"kind":1,"dataId":58,"denominator":16},{"kind":1,"dataId":57,"denominator":16},{"kind":1,"dataId":52,"denominator":25}],"exp":12,"traits":[{"code":22,"dataId":0,"value":1},{"code":31,"dataId":1,"value":0},{"code":11,"dataId":9,"value":1.5},{"code":11,"dataId":10,"value":1.5},{"code":11,"dataId":11,"value":1.5}],"gold":66,"name":"謎の目玉","note":"","params":[140,10,38,40,42,34,24,44]},
{"id":24,"actions":[{"conditionParam1":0,"conditionParam2":0,"conditionType":0,"rating":5,"skillId":1},{"skillId":182,"rating":5,"conditionType":0,"conditionParam1":0,"conditionParam2":0},{"skillId":183,"rating":5,"conditionType":0,"conditionParam1":0,"conditionParam2":0}],"battlerHue":104,"battlerName":"Gnome","dropItems":[{"kind":1,"dataId":27,"denominator":6},{"kind":1,"dataId":19,"denominator":6},{"kind":1,"dataId":57,"denominator":8}],"exp":12,"traits":[{"code":22,"dataId":0,"value":1},{"code":31,"dataId":1,"value":0},{"code":11,"dataId":9,"value":1.5},{"code":11,"dataId":10,"value":1.5},{"code":11,"dataId":11,"value":1.5}],"gold":60,"name":"序の口ノーム","note":"","params":[142,15,41,52,60,43,24,30]},
{"id":25,"actions":[{"conditionParam1":0,"conditionParam2":0,"conditionType":0,"rating":5,"skillId":1}],"battlerHue":295,"battlerName":"Goblin","dropItems":[{"kind":1,"dataId":21,"denominator":2},{"kind":1,"dataId":19,"denominator":8},{"kind":1,"dataId":58,"denominator":8}],"exp":10,"traits":[{"code":22,"dataId":0,"value":1},{"code":22,"dataId":2,"value":0.4},{"code":11,"dataId":9,"value":1.5},{"code":11,"dataId":10,"value":1.5},{"code":11,"dataId":11,"value":1.5}],"gold":62,"name":"ゴブリンノービス","note":"","params":[160,0,38,52,7,42,19,22]},
{"id":26,"actions":[{"skillId":1,"rating":5,"conditionType":0,"conditionParam1":0,"conditionParam2":0},{"skillId":184,"rating":5,"conditionType":0,"conditionParam1":0,"conditionParam2":0}],"battlerHue":0,"battlerName":"SF_Timebomb","dropItems":[{"kind":1,"dataId":58,"denominator":16},{"kind":1,"dataId":57,"denominator":16},{"kind":1,"dataId":52,"denominator":25}],"exp":14,"traits":[{"code":22,"dataId":0,"value":1},{"code":31,"dataId":1,"value":0},{"code":11,"dataId":9,"value":1.5},{"code":11,"dataId":10,"value":1.5},{"code":11,"dataId":11,"value":1.5}],"gold":72,"name":"監視ゲイザー","note":"","params":[200,10,42,40,42,40,24,44]},
{"id":27,"actions":[{"conditionParam1":0,"conditionParam2":0,"conditionType":0,"rating":5,"skillId":1}],"battlerHue":0,"battlerName":"SF_Zombiedog","dropItems":[{"kind":1,"dataId":15,"denominator":6},{"kind":1,"dataId":19,"denominator":6},{"kind":1,"dataId":57,"denominator":8}],"exp":12,"traits":[{"code":22,"dataId":0,"value":1},{"code":22,"dataId":2,"value":0.5},{"code":11,"dataId":10,"value":1.5}],"gold":80,"name":"向こう見ずハウンド","note":"","params":[200,0,46,60,14,42,22,25]},
{"id":28,"actions":[{"conditionParam1":0,"conditionParam2":0,"conditionType":0,"rating":5,"skillId":1},{"skillId":186,"rating":5,"conditionType":0,"conditionParam1":0,"conditionParam2":0}],"battlerHue":0,"battlerName":"Evilbook","dropItems":[{"kind":1,"dataId":18,"denominator":6},{"kind":1,"dataId":67,"denominator":20},{"kind":1,"dataId":58,"denominator":8}],"exp":13,"traits":[{"code":22,"dataId":0,"value":1},{"code":31,"dataId":1,"value":0},{"code":11,"dataId":9,"value":1.5}],"gold":90,"name":"見捨てられた本","note":"","params":[180,12,51,70,65,47,26,22]},
{"id":29,"actions":[{"conditionParam1":0,"conditionParam2":0,"conditionType":0,"rating":5,"skillId":1},{"skillId":185,"rating":4,"conditionType":0,"conditionParam1":0,"conditionParam2":0}],"battlerHue":0,"battlerName":"Matango","dropItems":[{"kind":1,"dataId":21,"denominator":2},{"kind":1,"dataId":58,"denominator":8},{"kind":1,"dataId":52,"denominator":25}],"exp":16,"traits":[{"code":22,"dataId":0,"value":1},{"code":31,"dataId":1,"value":0},{"code":11,"dataId":9,"value":1.5},{"code":11,"dataId":10,"value":1.5}],"gold":86,"name":"キノコもどき","note":"","params":[250,0,52,68,22,46,26,40]},
{"id":30,"actions":[{"conditionParam1":0,"conditionParam2":0,"conditionType":0,"rating":5,"skillId":1},{"skillId":185,"rating":3,"conditionType":0,"conditionParam1":0,"conditionParam2":0},{"skillId":190,"rating":3,"conditionType":0,"conditionParam1":0,"conditionParam2":0}],"battlerHue":162,"battlerName":"Mechascorpion","dropItems":[{"kind":1,"dataId":22,"denominator":2},{"kind":1,"dataId":19,"denominator":6},{"kind":1,"dataId":58,"denominator":8}],"exp":15,"traits":[{"code":22,"dataId":0,"value":1},{"code":31,"dataId":1,"value":0},{"code":11,"dataId":9,"value":1.5},{"code":11,"dataId":11,"value":1.5}],"gold":75,"name":"ちくちくサソリ","note":"","params":[126,20,45,60,18,48,30,25]},
{"id":31,"actions":[{"conditionParam1":0,"conditionParam2":0,"conditionType":0,"rating":5,"skillId":1},{"skillId":191,"rating":5,"conditionType":0,"conditionParam1":0,"conditionParam2":0}],"battlerHue":0,"battlerName":"SF_Will_o_the_wisp","dropItems":[{"kind":1,"dataId":23,"denominator":2},{"kind":1,"dataId":66,"denominator":25},{"kind":1,"dataId":57,"denominator":8}],"exp":16,"traits":[{"code":22,"dataId":0,"value":1},{"code":31,"dataId":1,"value":0},{"code":11,"dataId":9,"value":1.5},{"code":11,"dataId":10,"value":1.5},{"code":11,"dataId":11,"value":1.5}],"gold":80,"name":"ウィル・オ・ウィスプ","note":"","params":[132,12,52,54,58,52,33,51]},
{"id":32,"actions":[{"conditionParam1":0,"conditionParam2":0,"conditionType":0,"rating":5,"skillId":1},{"skillId":185,"rating":5,"conditionType":0,"conditionParam1":0,"conditionParam2":0}],"battlerHue":0,"battlerName":"SF_Anaconda","dropItems":[{"kind":1,"dataId":57,"denominator":12},{"kind":1,"dataId":25,"denominator":6},{"kind":1,"dataId":58,"denominator":12}],"exp":18,"traits":[{"code":22,"dataId":0,"value":1},{"code":31,"dataId":1,"value":0},{"code":11,"dataId":10,"value":1.5}],"gold":105,"name":"熟練アナコンダ","note":"","params":[155,0,68,58,8,56,26,32]},
{"id":33,"actions":[{"conditionParam1":0,"conditionParam2":0,"conditionType":0,"rating":5,"skillId":1}],"battlerHue":0,"battlerName":"SF_Kamaitachi","dropItems":[{"kind":1,"dataId":52,"denominator":25},{"kind":1,"dataId":58,"denominator":12},{"kind":1,"dataId":57,"denominator":12}],"exp":19,"traits":[{"code":22,"dataId":0,"value":1},{"code":31,"dataId":1,"value":0},{"code":22,"dataId":2,"value":0.4},{"code":11,"dataId":11,"value":1.5}],"gold":116,"name":"高速かまいたち","note":"","params":[174,12,48,62,70,56,33,44]},
{"id":34,"actions":[{"conditionParam1":0,"conditionParam2":0,"conditionType":0,"rating":5,"skillId":1},{"skillId":42,"rating":4,"conditionType":0,"conditionParam1":0,"conditionParam2":0}],"battlerHue":0,"battlerName":"Crow","dropItems":[{"kind":1,"dataId":16,"denominator":6},{"kind":1,"dataId":58,"denominator":8},{"kind":1,"dataId":64,"denominator":50}],"exp":19,"traits":[{"code":22,"dataId":0,"value":1},{"code":31,"dataId":1,"value":0},{"code":11,"dataId":11,"value":1.5}],"gold":85,"name":"ずる賢いカラス","note":"","params":[260,12,60,80,65,55,38,50]},
{"id":35,"actions":[{"conditionParam1":0,"conditionParam2":0,"conditionType":0,"rating":5,"skillId":1},{"skillId":190,"rating":4,"conditionType":0,"conditionParam1":0,"conditionParam2":0},{"skillId":193,"rating":4,"conditionType":0,"conditionParam1":0,"conditionParam2":0}],"battlerHue":0,"battlerName":"Hydra","dropItems":[{"kind":1,"dataId":53,"denominator":30},{"kind":1,"dataId":58,"denominator":16},{"kind":1,"dataId":57,"denominator":16}],"exp":52,"traits":[{"code":22,"dataId":0,"value":1},{"code":31,"dataId":1,"value":0},{"code":61,"dataId":0,"value":1},{"code":22,"dataId":2,"value":0.35},{"code":11,"dataId":10,"value":1.5}],"gold":333,"name":"極悪ヒドラ","note":"単体での登場にとどめる","params":[520,12,55,65,80,58,40,10]},
{"id":36,"actions":[{"skillId":1,"rating":4,"conditionType":0,"conditionParam1":0,"conditionParam2":0},{"skillId":190,"rating":5,"conditionType":0,"conditionParam1":0,"conditionParam2":0}],"battlerHue":0,"battlerName":"Machinerybee","dropItems":[{"kind":1,"dataId":25,"denominator":4},{"kind":1,"dataId":52,"denominator":35},{"kind":1,"dataId":57,"denominator":8}],"exp":17,"traits":[{"code":22,"dataId":0,"value":1},{"code":31,"dataId":1,"value":0},{"code":11,"dataId":9,"value":1.5},{"code":11,"dataId":10,"value":1.5},{"code":11,"dataId":11,"value":1.5}],"gold":80,"name":"スマート・ビー","note":"","params":[220,0,75,80,52,55,45,72]},
{"id":37,"actions":[{"conditionParam1":0,"conditionParam2":0,"conditionType":0,"rating":5,"skillId":1},{"skillId":193,"rating":4,"conditionType":0,"conditionParam1":0,"conditionParam2":0}],"battlerHue":0,"battlerName":"Salamander","dropItems":[{"kind":1,"dataId":18,"denominator":3},{"kind":1,"dataId":64,"denominator":50},{"kind":1,"dataId":58,"denominator":8}],"exp":18,"traits":[{"code":22,"dataId":0,"value":1},{"code":31,"dataId":2,"value":0},{"code":11,"dataId":10,"value":1.5}],"gold":102,"name":"強火のサラマンダー","note":"","params":[288,12,64,87,90,60,32,60]},
{"id":38,"actions":[{"conditionParam1":0,"conditionParam2":0,"conditionType":0,"rating":5,"skillId":1},{"skillId":194,"rating":5,"conditionType":0,"conditionParam1":0,"conditionParam2":0},{"skillId":195,"rating":5,"conditionType":0,"conditionParam1":0,"conditionParam2":0}],"battlerHue":0,"battlerName":"Harpy","dropItems":[{"kind":1,"dataId":25,"denominator":3},{"kind":1,"dataId":68,"denominator":50},{"kind":1,"dataId":58,"denominator":8}],"exp":20,"traits":[{"code":22,"dataId":0,"value":1},{"code":31,"dataId":4,"value":0},{"code":11,"dataId":11,"value":1.5}],"gold":105,"name":"歌い踊るハーピー","note":"","params":[315,20,64,92,92,65,45,52]},
{"id":39,"actions":[{"conditionParam1":0,"conditionParam2":0,"conditionType":0,"rating":5,"skillId":1},{"skillId":193,"rating":5,"conditionType":0,"conditionParam1":0,"conditionParam2":0}],"battlerHue":43,"battlerName":"Hi_monster","dropItems":[{"kind":1,"dataId":52,"denominator":5},{"kind":1,"dataId":57,"denominator":8},{"kind":1,"dataId":58,"denominator":16}],"exp":55,"traits":[{"code":22,"dataId":0,"value":1},{"code":31,"dataId":2,"value":0},{"code":61,"dataId":0,"value":0.75},{"code":11,"dataId":10,"value":1.5}],"gold":280,"name":"燃え上がる魔獣","note":"単体での登場にとどめる","params":[680,20,89,105,72,68,35,29]},
{"id":40,"actions":[{"skillId":1,"rating":4,"conditionType":0,"conditionParam1":0,"conditionParam2":0},{"skillId":145,"rating":5,"conditionType":0,"conditionParam1":0,"conditionParam2":0},{"skillId":146,"rating":6,"conditionType":0,"conditionParam1":0,"conditionParam2":0},{"skillId":144,"rating":5,"conditionType":0,"conditionParam1":0,"conditionParam2":0}],"battlerHue":0,"battlerName":"Plasma","dropItems":[{"kind":1,"dataId":19,"denominator":4},{"kind":1,"dataId":25,"denominator":4},{"kind":1,"dataId":57,"denominator":8}],"exp":20,"traits":[{"code":22,"dataId":0,"value":1},{"code":31,"dataId":1,"value":0},{"code":11,"dataId":9,"value":1.5},{"code":11,"dataId":10,"value":1.5}],"gold":130,"name":"プラズマゲイザー","note":"","params":[255,40,60,80,85,57,42,12]},
{"id":41,"actions":[{"skillId":1,"rating":5,"conditionType":0,"conditionParam1":0,"conditionParam2":0},{"skillId":4,"rating":3,"conditionType":0,"conditionParam1":0,"conditionParam2":0},{"skillId":196,"rating":3,"conditionType":0,"conditionParam1":0,"conditionParam2":0}],"battlerHue":0,"battlerName":"Crab","dropItems":[{"kind":1,"dataId":65,"denominator":30},{"kind":1,"dataId":53,"denominator":24},{"kind":1,"dataId":59,"denominator":8}],"exp":22,"traits":[{"code":22,"dataId":0,"value":1},{"code":31,"dataId":5,"value":0},{"code":11,"dataId":9,"value":1.5},{"code":11,"dataId":11,"value":1.5}],"gold":135,"name":"気まぐれキャンサー","note":"","params":[466,9,87,98,99,66,30,28]},
{"id":42,"actions":[{"conditionParam1":0,"conditionParam2":0,"conditionType":0,"rating":5,"skillId":1},{"skillId":43,"rating":5,"conditionType":0,"conditionParam1":0,"conditionParam2":0}],"battlerHue":59,"battlerName":"SF_Kappa","dropItems":[{"kind":1,"dataId":64,"denominator":50},{"kind":1,"dataId":68,"denominator":50},{"kind":1,"dataId":59,"denominator":8}],"exp":25,"traits":[{"code":22,"dataId":0,"value":1},{"code":31,"dataId":5,"value":0},{"code":11,"dataId":9,"value":1.5},{"code":11,"dataId":11,"value":1.5}],"gold":130,"name":"必殺ガタロウ","note":"","params":[486,20,105,103,52,68,42,44]},
{"id":43,"actions":[{"conditionParam1":0,"conditionParam2":0,"conditionType":0,"rating":5,"skillId":1},{"conditionParam1":0,"conditionParam2":0,"conditionType":0,"rating":5,"skillId":1},{"skillId":147,"rating":3,"conditionType":0,"conditionParam1":0,"conditionParam2":0},{"skillId":147,"rating":4,"conditionType":0,"conditionParam1":0,"conditionParam2":0}],"battlerHue":0,"battlerName":"Siren","dropItems":[{"kind":1,"dataId":64,"denominator":33},{"kind":1,"dataId":58,"denominator":12},{"kind":1,"dataId":59,"denominator":8}],"exp":32,"traits":[{"code":22,"dataId":0,"value":1},{"code":31,"dataId":5,"value":0},{"code":11,"dataId":11,"value":1.5}],"gold":166,"name":"嘆きのセイレーン","note":"","params":[607,30,95,90,116,90,44,66]},
{"id":44,"actions":[{"conditionParam1":0,"conditionParam2":0,"conditionType":0,"rating":5,"skillId":1},{"skillId":197,"rating":5,"conditionType":0,"conditionParam1":0,"conditionParam2":0}],"battlerHue":190,"battlerName":"Salamander","dropItems":[{"kind":1,"dataId":54,"denominator":40},{"kind":1,"dataId":57,"denominator":12},{"kind":1,"dataId":59,"denominator":8}],"exp":28,"traits":[{"code":22,"dataId":0,"value":1},{"code":31,"dataId":5,"value":0},{"code":11,"dataId":9,"value":1.5}],"gold":140,"name":"フロストリザード","note":"","params":[560,12,97,88,124,76,37,52]},
{"id":45,"actions":[{"skillId":1,"rating":4,"conditionType":0,"conditionParam1":0,"conditionParam2":0},{"skillId":198,"rating":5,"conditionType":0,"conditionParam1":0,"conditionParam2":0},{"skillId":145,"rating":5,"conditionType":0,"conditionParam1":0,"conditionParam2":0},{"skillId":199,"rating":5,"conditionType":0,"conditionParam1":0,"conditionParam2":0}],"battlerHue":0,"battlerName":"Sylph","dropItems":[{"kind":1,"dataId":58,"denominator":6},{"kind":1,"dataId":57,"denominator":6},{"kind":1,"dataId":59,"denominator":6}],"exp":25,"traits":[{"code":22,"dataId":0,"value":1},{"code":31,"dataId":1,"value":0},{"code":11,"dataId":9,"value":1.5},{"code":11,"dataId":10,"value":1.5},{"code":11,"dataId":11,"value":1.5}],"gold":188,"name":"苛立ちタイタニア","note":"","params":[398,200,72,123,145,116,55,99]},
{"id":46,"actions":[{"skillId":1,"rating":4,"conditionType":0,"conditionParam1":0,"conditionParam2":0},{"skillId":200,"rating":5,"conditionType":1,"conditionParam1":0,"conditionParam2":2},{"skillId":201,"rating":5,"conditionType":1,"conditionParam1":1,"conditionParam2":2}],"battlerHue":196,"battlerName":"Dragon","dropItems":[{"kind":1,"dataId":68,"denominator":40},{"kind":1,"dataId":54,"denominator":25},{"kind":1,"dataId":59,"denominator":6}],"exp":97,"traits":[{"code":22,"dataId":0,"value":1},{"code":31,"dataId":5,"value":0},{"code":11,"dataId":9,"value":1.5},{"code":11,"dataId":11,"value":1.5}],"gold":488,"name":"アクアドラゴン","note":"原則１体でのみ登場","params":[1315,45,105,105,100,105,34,19]},
{"id":47,"actions":[{"skillId":4,"rating":4,"conditionType":0,"conditionParam1":0,"conditionParam2":0},{"skillId":5,"rating":5,"conditionType":0,"conditionParam1":0,"conditionParam2":0},{"skillId":146,"rating":5,"conditionType":0,"conditionParam1":0,"conditionParam2":0},{"skillId":144,"rating":4,"conditionType":0,"conditionParam1":0,"conditionParam2":0}],"battlerHue":29,"battlerName":"Kraken","dropItems":[{"kind":1,"dataId":54,"denominator":50},{"kind":1,"dataId":67,"denominator":30},{"kind":1,"dataId":59,"denominator":8}],"exp":30,"traits":[{"code":22,"dataId":0,"value":1},{"code":31,"dataId":5,"value":0},{"code":11,"dataId":9,"value":1.5},{"code":11,"dataId":11,"value":1.5}],"gold":145,"name":"ぬめぬめテンタクルス","note":"","params":[608,40,72,105,115,115,33,33]},
{"id":48,"actions":[{"skillId":190,"rating":5,"conditionType":0,"conditionParam1":0,"conditionParam2":0},{"skillId":1,"rating":3,"conditionType":0,"conditionParam1":0,"conditionParam2":0}],"battlerHue":338,"battlerName":"Mechascorpion","dropItems":[{"kind":1,"dataId":65,"denominator":33},{"kind":1,"dataId":69,"denominator":50},{"kind":1,"dataId":59,"denominator":8}],"exp":28,"traits":[{"code":22,"dataId":0,"value":1},{"code":31,"dataId":5,"value":0},{"code":11,"dataId":9,"value":1.5},{"code":11,"dataId":11,"value":1.5}],"gold":140,"name":"キングスコーピオン","note":"","params":[630,40,98,132,20,70,42,42]},
{"id":49,"actions":[{"conditionParam1":0,"conditionParam2":0,"conditionType":0,"rating":5,"skillId":1},{"skillId":202,"rating":4,"conditionType":1,"conditionParam1":0,"conditionParam2":2},{"skillId":147,"rating":3,"conditionType":1,"conditionParam1":1,"conditionParam2":2},{"skillId":145,"rating":4,"conditionType":0,"conditionParam1":0,"conditionParam2":0}],"battlerHue":211,"battlerName":"SF_Phoenix","dropItems":[{"kind":1,"dataId":64,"denominator":50},{"kind":1,"dataId":65,"denominator":33},{"kind":1,"dataId":59,"denominator":6}],"exp":110,"traits":[{"code":22,"dataId":0,"value":1},{"code":31,"dataId":5,"value":0},{"code":61,"dataId":0,"value":1},{"code":22,"dataId":2,"value":0.45},{"code":11,"dataId":9,"value":1.5}],"gold":555,"name":"アクアコンドル","note":"原則１体でのみ登場","params":[1560,100,85,105,120,10,39,50]},
{"id":50,"actions":[{"skillId":1,"rating":4,"conditionType":0,"conditionParam1":0,"conditionParam2":0},{"skillId":185,"rating":5,"conditionType":0,"conditionParam1":0,"conditionParam2":0},{"skillId":206,"rating":4,"conditionType":0,"conditionParam1":0,"conditionParam2":0},{"skillId":146,"rating":3,"conditionType":0,"conditionParam1":0,"conditionParam2":0}],"battlerHue":0,"battlerName":"Zombie","dropItems":[{"kind":1,"dataId":64,"denominator":60},{"kind":1,"dataId":58,"denominator":6},{"kind":1,"dataId":59,"denominator":8}],"exp":32,"traits":[{"code":22,"dataId":0,"value":1},{"code":31,"dataId":7,"value":0},{"code":11,"dataId":9,"value":1.5},{"code":11,"dataId":11,"value":1.5}],"gold":155,"name":"リビングデッド","note":"","params":[635,60,110,113,123,90,40,15]},
{"id":51,"actions":[{"skillId":5,"rating":5,"conditionType":0,"conditionParam1":0,"conditionParam2":0},{"skillId":4,"rating":5,"conditionType":0,"conditionParam1":0,"conditionParam2":0},{"skillId":204,"rating":5,"conditionType":0,"conditionParam1":0,"conditionParam2":0}],"battlerHue":0,"battlerName":"Foxman","dropItems":[{"kind":1,"dataId":68,"denominator":50},{"kind":1,"dataId":47,"denominator":4},{"kind":1,"dataId":57,"denominator":5}],"exp":31,"traits":[{"code":22,"dataId":0,"value":1},{"code":31,"dataId":1,"value":0},{"code":22,"dataId":2,"value":0.5},{"code":11,"dataId":9,"value":1.5},{"code":11,"dataId":10,"value":1.5},{"code":11,"dataId":11,"value":1.5}],"gold":160,"name":"九尾の狐","note":"","params":[577,30,105,113,130,85,48,72]},
{"id":52,"actions":[{"conditionParam1":0,"conditionParam2":0,"conditionType":0,"rating":5,"skillId":1}],"battlerHue":0,"battlerName":"SF_Wolf","dropItems":[{"kind":1,"dataId":53,"denominator":25},{"kind":1,"dataId":59,"denominator":5},{"kind":1,"dataId":58,"denominator":5}],"exp":35,"traits":[{"code":22,"dataId":0,"value":2},{"code":31,"dataId":1,"value":0},{"code":11,"dataId":9,"value":1.5}],"gold":180,"name":"ワイルドウルフ","note":"","params":[690,0,145,138,22,100,47,64]},
{"id":53,"actions":[{"conditionParam1":0,"conditionParam2":0,"conditionType":0,"rating":5,"skillId":1},{"skillId":185,"rating":5,"conditionType":0,"conditionParam1":0,"conditionParam2":0},{"skillId":190,"rating":5,"conditionType":0,"conditionParam1":0,"conditionParam2":0}],"battlerHue":0,"battlerName":"SF_Armymonkey","dropItems":[{"kind":1,"dataId":47,"denominator":4},{"kind":3,"dataId":62,"denominator":33},{"kind":1,"dataId":59,"denominator":6}],"exp":30,"traits":[{"code":22,"dataId":0,"value":1},{"code":31,"dataId":1,"value":0},{"code":11,"dataId":9,"value":1.5}],"gold":180,"name":"バスタードエイプ","note":"","params":[738,0,140,120,15,74,55,66]},
{"id":54,"actions":[{"skillId":5,"rating":5,"conditionType":0,"conditionParam1":0,"conditionParam2":0},{"skillId":144,"rating":5,"conditionType":0,"conditionParam1":0,"conditionParam2":0},{"skillId":207,"rating":5,"conditionType":0,"conditionParam1":0,"conditionParam2":0}],"battlerHue":49,"battlerName":"Medusa","dropItems":[{"kind":1,"dataId":54,"denominator":25},{"kind":3,"dataId":62,"denominator":30},{"kind":1,"dataId":59,"denominator":6}],"exp":35,"traits":[{"code":22,"dataId":0,"value":1},{"code":31,"dataId":1,"value":0},{"code":11,"dataId":10,"value":1.5}],"gold":175,"name":"ブラッディゴーゴン","note":"","params":[765,50,105,146,128,100,52,90]},
{"id":55,"actions":[{"conditionParam1":0,"conditionParam2":0,"conditionType":0,"rating":5,"skillId":1}],"battlerHue":0,"battlerName":"Highking","dropItems":[{"kind":1,"dataId":57,"denominator":4},{"kind":1,"dataId":58,"denominator":4},{"kind":1,"dataId":59,"denominator":4}],"exp":150,"traits":[{"code":22,"dataId":0,"value":2},{"code":31,"dataId":1,"value":0},{"code":11,"dataId":11,"value":1.5}],"gold":750,"name":"デュラハン","note":"単体で登場","params":[2020,100,165,155,95,95,55,115]},
{"id":56,"actions":[{"conditionParam1":0,"conditionParam2":0,"conditionType":0,"rating":5,"skillId":1},{"skillId":4,"rating":5,"conditionType":0,"conditionParam1":0,"conditionParam2":0},{"skillId":197,"rating":5,"conditionType":0,"conditionParam1":0,"conditionParam2":0}],"battlerHue":0,"battlerName":"SF_Whitewolf","dropItems":[{"kind":1,"dataId":66,"denominator":25},{"kind":1,"dataId":57,"denominator":6},{"kind":1,"dataId":58,"denominator":6}],"exp":35,"traits":[{"code":22,"dataId":0,"value":1},{"code":31,"dataId":5,"value":0},{"code":22,"dataId":2,"value":0.33},{"code":11,"dataId":9,"value":1.5}],"gold":170,"name":"シルバーウルフ","note":"","params":[790,25,105,145,175,130,52,45]},
{"id":57,"actions":[{"skillId":5,"rating":5,"conditionType":0,"conditionParam1":0,"conditionParam2":0},{"skillId":4,"rating":5,"conditionType":0,"conditionParam1":0,"conditionParam2":0},{"skillId":208,"rating":5,"conditionType":0,"conditionParam1":0,"conditionParam2":0}],"battlerHue":0,"battlerName":"Hakutaku","dropItems":[{"kind":1,"dataId":67,"denominator":20},{"kind":1,"dataId":54,"denominator":18},{"kind":1,"dataId":59,"denominator":4}],"exp":165,"traits":[{"code":22,"dataId":0,"value":2},{"code":31,"dataId":6,"value":0},{"code":22,"dataId":2,"value":0.33},{"code":11,"dataId":9,"value":1.5},{"code":11,"dataId":10,"value":1.5},{"code":11,"dataId":11,"value":1.5}],"gold":882,"name":"ハクタクディバイン","note":"原則、単体で出現","params":[2150,100,105,160,155,112,62,130]},
{"id":58,"actions":[{"skillId":1,"rating":4,"conditionType":0,"conditionParam1":0,"conditionParam2":0},{"skillId":146,"rating":5,"conditionType":0,"conditionParam1":0,"conditionParam2":0}],"battlerHue":0,"battlerName":"Witch","dropItems":[{"kind":3,"dataId":62,"denominator":33},{"kind":1,"dataId":58,"denominator":8},{"kind":1,"dataId":57,"denominator":8}],"exp":40,"traits":[{"code":22,"dataId":0,"value":1},{"code":31,"dataId":1,"value":0},{"code":11,"dataId":9,"value":1.5},{"code":11,"dataId":10,"value":1.5},{"code":11,"dataId":11,"value":1.5}],"gold":200,"name":"魔物使い","note":"","params":[830,50,115,135,155,120,43,115]},
{"id":59,"actions":[{"conditionParam1":0,"conditionParam2":0,"conditionType":0,"rating":5,"skillId":1}],"battlerHue":0,"battlerName":"","dropItems":[{"dataId":1,"denominator":1,"kind":0},{"dataId":1,"denominator":1,"kind":0},{"dataId":1,"denominator":1,"kind":0}],"exp":0,"traits":[{"code":22,"dataId":0,"value":0.95},{"code":22,"dataId":1,"value":0.05},{"code":31,"dataId":1,"value":0}],"gold":0,"name":"","note":"","params":[100,0,10,10,10,10,10,10]},
{"id":60,"actions":[{"conditionParam1":0,"conditionParam2":0,"conditionType":0,"rating":5,"skillId":1}],"battlerHue":0,"battlerName":"","dropItems":[{"dataId":1,"denominator":1,"kind":0},{"dataId":1,"denominator":1,"kind":0},{"dataId":1,"denominator":1,"kind":0}],"exp":0,"traits":[{"code":22,"dataId":0,"value":0.95},{"code":22,"dataId":1,"value":0.05},{"code":31,"dataId":1,"value":0}],"gold":0,"name":"","note":"","params":[100,0,10,10,10,10,10,10]}
]