{
"autoplayBgm":false,"autoplayBgs":false,"battleback1Name":"Wood2","battleback2Name":"Room1","bgm":{"name":"","pan":0,"pitch":100,"volume":90},"bgs":{"name":"","pan":0,"pitch":100,"volume":90},"disableDashing":false,"displayName":"","encounterList":[],"encounterStep":30,"height":14,"note":"","parallaxLoopX":false,"parallaxLoopY":false,"parallaxName":"","parallaxShow":true,"parallaxSx":0,"parallaxSy":0,"scrollType":0,"specifyBattleback":true,"tilesetId":3,"width":15,
"data":[1536,1536,1536,1536,1536,1536,1536,1536,1536,1536,1536,1536,1536,1536,1536,1536,5923,5921,5921,5921,5921,5921,5921,5921,5921,5921,5921,5921,5925,1536,1536,5920,6274,6274,6274,6274,6274,6274,6274,6274,6274,6274,6274,5920,1536,1536,5920,6280,6280,6280,6280,6280,6280,6280,6280,6280,6280,6280,5920,1536,1536,5920,3234,3220,3220,3220,3220,3220,3220,3220,3220,3220,3236,5920,1536,1536,5920,3216,3200,3200,3200,3200,3200,3200,3200,3200,3200,3224,5920,1536,1536,5920,3216,3200,3200,3200,3200,3200,3200,3200,3200,3200,3224,5920,1536,1536,5920,3216,3200,3200,3200,3200,3200,3200,3200,3200,3200,3224,5920,1536,1536,5920,3216,3200,3200,3200,3200,3200,3200,3200,3200,3200,3224,5920,1536,1536,5920,3240,3228,3228,3228,3228,3228,3228,3228,3228,3212,3238,5920,1536,1536,5929,5921,5921,5921,5921,5921,5921,5921,5921,5933,3232,5931,5927,1536,1536,6275,6274,6274,6274,6274,6274,6274,6274,6274,6278,3232,6275,6278,1536,1536,6281,6280,6280,6280,6280,6280,6280,6280,6280,6284,3244,6281,6284,1536,1536,1536,1536,1536,1536,1536,1536,1536,1536,1536,1536,1536,1536,1536,1536,0,0,0,0,0,0,0,0,0,0,0,0,0,0,0,0,0,0,0,0,0,0,0,0,0,0,0,0,0,0,0,0,0,0,0,0,0,0,0,0,0,0,0,0,0,0,0,0,0,0,0,0,0,0,0,0,0,0,0,0,0,0,0,0,0,0,0,0,0,0,0,0,0,0,0,0,0,0,0,0,0,0,0,0,0,0,0,0,0,0,0,0,0,4338,4324,4324,4324,4340,0,0,0,0,0,0,0,0,0,0,4344,4332,4332,4332,4342,0,0,0,0,0,0,0,0,0,0,0,0,0,0,0,0,0,0,0,0,0,0,0,0,0,0,0,0,0,0,0,0,0,0,0,0,0,0,0,0,0,0,0,0,0,0,0,0,0,0,0,0,0,0,0,0,0,0,0,0,0,0,0,0,0,0,0,0,0,0,0,0,0,0,0,0,0,0,0,0,0,0,0,0,0,0,0,0,0,0,0,0,0,0,0,0,0,0,0,0,0,0,0,0,0,0,0,0,0,0,0,0,0,0,0,0,0,0,0,0,0,0,0,0,0,0,0,0,0,0,0,0,0,0,0,0,0,0,0,0,0,0,0,0,0,0,0,0,0,0,0,0,0,0,0,0,0,0,0,0,0,0,0,0,0,0,0,0,0,0,0,0,0,0,0,0,0,0,0,0,0,0,0,0,0,0,0,0,0,0,0,0,0,0,0,0,0,0,0,0,0,0,0,0,0,0,0,0,0,0,0,0,0,0,0,0,0,0,0,0,0,0,0,0,0,0,0,0,0,0,0,0,0,0,0,0,0,0,0,0,0,0,0,0,0,0,0,0,0,0,0,0,0,0,0,0,0,0,0,0,0,0,0,0,0,0,0,0,0,0,0,0,0,0,0,0,0,0,0,0,0,0,0,0,0,0,0,0,0,0,0,0,0,0,0,0,0,0,0,0,0,0,0,0,0,0,0,0,0,0,0,0,0,0,0,0,0,0,0,0,0,0,0,0,0,0,0,0,0,0,0,0,0,0,0,0,0,0,0,80,83,0,83,0,83,80,0,0,0,0,0,0,0,0,88,0,0,0,0,0,88,0,141,142,143,0,0,0,0,0,96,97,98,99,100,0,0,149,150,151,0,0,0,0,0,104,105,106,107,108,0,0,0,0,0,0,0,0,0,0,0,0,0,0,0,0,0,0,0,0,0,0,0,0,0,0,0,0,0,0,0,0,0,0,0,0,0,0,0,0,121,121,121,121,121,0,0,0,0,0,0,0,0,0,0,0,0,0,0,0,0,0,0,0,0,0,0,0,0,0,0,0,0,0,0,0,0,0,0,0,0,0,0,0,0,0,0,0,0,0,0,0,0,0,0,0,0,0,0,0,0,0,0,0,0,0,0,0,0,0,0,0,0,0,0,0,0,0,0,0,0,0,0,0,0,0,0,0,0,0,0,0,0,0,0,0,0,0,0,0,0,0,0,0,0,0,0,0,0,0,0,0,0,0,0,0,0,0,0,0,0,0,0,0,0,0,0,0,0,0,0,5,0,0,0,0,0,0,0,0,0,0,0,0,0,0,5,0,0,5,0,0,0,0,0,0,0,0,0,0,0,5,0,0,5,0,0,0,0,0,0,0,0,0,0,0,5,0,0,5,0,0,0,0,0,0,0,0,0,0,0,5,0,0,5,0,0,0,0,0,0,0,0,0,0,0,5,0,0,5,0,0,0,0,0,0,0,0,0,0,0,5,0,0,5,0,0,0,0,0,0,0,0,0,0,0,5,0,0,0,0,0,0,0,0,0,0,0,0,0,0,5,0,0,0,0,0,0,0,0,0,0,0,5,0,0,5,0,0,0,0,0,0,0,0,0,0,0,5,0,0,5,0,0,0,0,0,0,0,0,0,0,0,0,0,0,0,0,0,0,0,0,0,0,0,0,0,0,0,0,0,0,0,0,0,0,0,0,0,0,0,0,0,0,0,0,0,0,0,0,0,0,0,0,0,0,0,0,0,0,0,0,0,0,0,0,0,0,0,0,0,0,0,0,0,0,0,0,0,0,0,0,0,0,0,0,0,0,0,0,0,0,0,0,0,0,0,0,0,0,0,0,0,0,0,0,0,0,0,0,0,0,0,0,0,0,0,0,0,0,0,0,0,0,0,0,0,0,0,0,0,0,0,0,0,0,0,0,0,0,0,0,0,0,0,0,0,0,0,0,0,0,0,0,0,0,0,0,0,0,0,0,0,0,0,0,0,0,0,0,0,0,0,0,0,0,0,0,0,0,0,0,0,0,0,0,0,0,0,0,0,0,0,0,0,0,0,0,0,0,0,0,0,0,0,0,0,0,0,0,0,0,0,0,0,0,0,0,0,0,0,0,0,0,0,0,0],
"events":[
null,
{"id":1,"name":"見えない落とし穴","note":"","pages":[{"conditions":{"actorId":1,"actorValid":false,"itemId":1,"itemValid":false,"selfSwitchCh":"A","selfSwitchValid":false,"switch1Id":4,"switch1Valid":true,"switch2Id":1,"switch2Valid":false,"variableId":1,"variableValid":false,"variableValue":0},"directionFix":false,"image":{"tileId":8,"characterName":"","characterIndex":0,"direction":2,"pattern":0},"list":[{"code":0,"indent":0,"parameters":[]}],"moveFrequency":3,"moveRoute":{"list":[{"code":0,"parameters":[]}],"repeat":true,"skippable":false,"wait":false},"moveSpeed":3,"moveType":0,"priorityType":0,"stepAnime":false,"through":false,"trigger":0,"walkAnime":true}],"x":11,"y":8},
{"id":2,"name":"ルイーゼ","note":"","pages":[{"conditions":{"actorId":1,"actorValid":false,"itemId":1,"itemValid":false,"selfSwitchCh":"A","selfSwitchValid":false,"switch1Id":1,"switch1Valid":false,"switch2Id":1,"switch2Valid":false,"variableId":1,"variableValid":false,"variableValue":0},"directionFix":false,"image":{"tileId":0,"characterName":"Belwiene","direction":2,"pattern":1,"characterIndex":0},"list":[{"code":0,"indent":0,"parameters":[]}],"moveFrequency":3,"moveRoute":{"list":[{"code":0,"parameters":[]}],"repeat":true,"skippable":false,"wait":false},"moveSpeed":3,"moveType":0,"priorityType":1,"stepAnime":false,"through":true,"trigger":0,"walkAnime":true}],"x":11,"y":6},
{"id":3,"name":"カーラ","note":"","pages":[{"conditions":{"actorId":1,"actorValid":false,"itemId":1,"itemValid":false,"selfSwitchCh":"A","selfSwitchValid":false,"switch1Id":1,"switch1Valid":false,"switch2Id":1,"switch2Valid":false,"variableId":1,"variableValid":false,"variableValue":0},"directionFix":false,"image":{"tileId":0,"characterName":"Belwiene","direction":2,"pattern":1,"characterIndex":2},"list":[{"code":0,"indent":0,"parameters":[]}],"moveFrequency":3,"moveRoute":{"list":[{"code":0,"parameters":[]}],"repeat":true,"skippable":false,"wait":false},"moveSpeed":3,"moveType":0,"priorityType":2,"stepAnime":true,"through":true,"trigger":0,"walkAnime":true}],"x":4,"y":5},
{"id":4,"name":"ロッテ","note":"","pages":[{"conditions":{"actorId":1,"actorValid":false,"itemId":1,"itemValid":false,"selfSwitchCh":"A","selfSwitchValid":false,"switch1Id":1,"switch1Valid":false,"switch2Id":1,"switch2Valid":false,"variableId":1,"variableValid":false,"variableValue":0},"directionFix":false,"image":{"tileId":0,"characterName":"Belwiene","direction":8,"pattern":1,"characterIndex":1},"list":[{"code":0,"indent":0,"parameters":[]}],"moveFrequency":3,"moveRoute":{"list":[{"code":0,"parameters":[]}],"repeat":true,"skippable":false,"wait":false},"moveSpeed":3,"moveType":0,"priorityType":1,"stepAnime":false,"through":true,"trigger":0,"walkAnime":true}],"x":11,"y":9},
{"id":5,"name":"アントン","note":"","pages":[{"conditions":{"actorId":1,"actorValid":false,"itemId":1,"itemValid":false,"selfSwitchCh":"A","selfSwitchValid":false,"switch1Id":1,"switch1Valid":false,"switch2Id":1,"switch2Valid":false,"variableId":1,"variableValid":false,"variableValue":0},"directionFix":false,"image":{"tileId":0,"characterName":"Belwiene","direction":8,"pattern":1,"characterIndex":3},"list":[{"code":0,"indent":0,"parameters":[]}],"moveFrequency":3,"moveRoute":{"list":[{"code":0,"parameters":[]}],"repeat":true,"skippable":false,"wait":false},"moveSpeed":3,"moveType":0,"priorityType":1,"stepAnime":true,"through":true,"trigger":0,"walkAnime":true}],"x":4,"y":8},
{"id":6,"name":"EDイベント","note":"","pages":[{"conditions":{"actorId":1,"actorValid":false,"itemId":1,"itemValid":false,"selfSwitchCh":"A","selfSwitchValid":false,"switch1Id":1,"switch1Valid":false,"switch2Id":1,"switch2Valid":false,"variableId":1,"variableValid":false,"variableValue":0},"directionFix":false,"image":{"characterIndex":0,"characterName":"","direction":2,"pattern":0,"tileId":0},"list":[{"code":223,"indent":0,"parameters":[[-255,-255,-255,0],1,true]},{"code":223,"indent":0,"parameters":[[0,0,0,0],15,true]},{"code":230,"indent":0,"parameters":[90]},{"code":213,"indent":0,"parameters":[2,8,true]},{"code":230,"indent":0,"parameters":[30]},{"code":213,"indent":0,"parameters":[4,6,true]},{"code":121,"indent":0,"parameters":[1,1,0]},{"code":205,"indent":0,"parameters":[4,{"list":[{"code":15,"parameters":[20],"indent":null},{"code":45,"parameters":["this.commandRoute(14);"],"indent":null},{"code":0}],"repeat":false,"skippable":false,"wait":false}]},{"code":505,"indent":0,"parameters":[{"code":15,"parameters":[20],"indent":null}]},{"code":505,"indent":0,"parameters":[{"code":45,"parameters":["this.commandRoute(14);"],"indent":null}]},{"code":205,"indent":0,"parameters":[3,{"list":[{"code":15,"parameters":[30],"indent":null},{"code":3,"indent":null},{"code":3,"indent":null},{"code":16,"indent":null},{"code":34,"indent":null},{"code":0}],"repeat":false,"skippable":false,"wait":false}]},{"code":505,"indent":0,"parameters":[{"code":15,"parameters":[30],"indent":null}]},{"code":505,"indent":0,"parameters":[{"code":3,"indent":null}]},{"code":505,"indent":0,"parameters":[{"code":3,"indent":null}]},{"code":505,"indent":0,"parameters":[{"code":16,"indent":null}]},{"code":505,"indent":0,"parameters":[{"code":34,"indent":null}]},{"code":205,"indent":0,"parameters":[5,{"list":[{"code":15,"parameters":[30],"indent":null},{"code":3,"indent":null},{"code":3,"indent":null},{"code":19,"indent":null},{"code":27,"parameters":[3],"indent":null},{"code":34,"indent":null},{"code":0}],"repeat":false,"skippable":false,"wait":true}]},{"code":505,"indent":0,"parameters":[{"code":15,"parameters":[30],"indent":null}]},{"code":505,"indent":0,"parameters":[{"code":3,"indent":null}]},{"code":505,"indent":0,"parameters":[{"code":3,"indent":null}]},{"code":505,"indent":0,"parameters":[{"code":19,"indent":null}]},{"code":505,"indent":0,"parameters":[{"code":27,"parameters":[3],"indent":null}]},{"code":505,"indent":0,"parameters":[{"code":34,"indent":null}]},{"code":205,"indent":0,"parameters":[4,{"list":[{"code":15,"parameters":[60],"indent":null},{"code":14,"parameters":[0,-2],"indent":null},{"code":15,"parameters":[30],"indent":null},{"code":16,"indent":null},{"code":45,"parameters":["this.balloon(6, true);"],"indent":null},{"code":0}],"repeat":false,"skippable":false,"wait":true}]},{"code":505,"indent":0,"parameters":[{"code":15,"parameters":[60],"indent":null}]},{"code":505,"indent":0,"parameters":[{"code":14,"parameters":[0,-2],"indent":null}]},{"code":505,"indent":0,"parameters":[{"code":15,"parameters":[30],"indent":null}]},{"code":505,"indent":0,"parameters":[{"code":16,"indent":null}]},{"code":505,"indent":0,"parameters":[{"code":45,"parameters":["this.balloon(6, true);"],"indent":null}]},{"code":205,"indent":0,"parameters":[3,{"list":[{"code":18,"indent":null},{"code":0}],"repeat":false,"skippable":false,"wait":false}]},{"code":505,"indent":0,"parameters":[{"code":18,"indent":null}]},{"code":205,"indent":0,"parameters":[5,{"list":[{"code":18,"indent":null},{"code":0}],"repeat":false,"skippable":false,"wait":true}]},{"code":505,"indent":0,"parameters":[{"code":18,"indent":null}]},{"code":213,"indent":0,"parameters":[2,3,true]},{"code":230,"indent":0,"parameters":[30]},{"code":205,"indent":0,"parameters":[3,{"list":[{"code":2,"indent":null},{"code":2,"indent":null},{"code":18,"indent":null},{"code":0}],"repeat":false,"skippable":false,"wait":false}]},{"code":505,"indent":0,"parameters":[{"code":2,"indent":null}]},{"code":505,"indent":0,"parameters":[{"code":2,"indent":null}]},{"code":505,"indent":0,"parameters":[{"code":18,"indent":null}]},{"code":205,"indent":0,"parameters":[5,{"list":[{"code":2,"indent":null},{"code":2,"indent":null},{"code":18,"indent":null},{"code":0}],"repeat":false,"skippable":false,"wait":false}]},{"code":505,"indent":0,"parameters":[{"code":2,"indent":null}]},{"code":505,"indent":0,"parameters":[{"code":2,"indent":null}]},{"code":505,"indent":0,"parameters":[{"code":18,"indent":null}]},{"code":205,"indent":0,"parameters":[2,{"list":[{"code":2,"indent":null},{"code":7,"indent":null},{"code":45,"parameters":["this.balloon(8, true);"],"indent":null},{"code":0}],"repeat":false,"skippable":false,"wait":false}]},{"code":505,"indent":0,"parameters":[{"code":2,"indent":null}]},{"code":505,"indent":0,"parameters":[{"code":7,"indent":null}]},{"code":505,"indent":0,"parameters":[{"code":45,"parameters":["this.balloon(8, true);"],"indent":null}]},{"code":205,"indent":0,"parameters":[4,{"list":[{"code":2,"indent":null},{"code":5,"indent":null},{"code":2,"indent":null},{"code":2,"indent":null},{"code":2,"indent":null},{"code":19,"indent":null},{"code":15,"parameters":[30],"indent":null},{"code":18,"indent":null},{"code":0}],"repeat":false,"skippable":false,"wait":true}]},{"code":505,"indent":0,"parameters":[{"code":2,"indent":null}]},{"code":505,"indent":0,"parameters":[{"code":5,"indent":null}]},{"code":505,"indent":0,"parameters":[{"code":2,"indent":null}]},{"code":505,"indent":0,"parameters":[{"code":2,"indent":null}]},{"code":505,"indent":0,"parameters":[{"code":2,"indent":null}]},{"code":505,"indent":0,"parameters":[{"code":19,"indent":null}]},{"code":505,"indent":0,"parameters":[{"code":15,"parameters":[30],"indent":null}]},{"code":505,"indent":0,"parameters":[{"code":18,"indent":null}]},{"code":213,"indent":0,"parameters":[4,2,true]},{"code":230,"indent":0,"parameters":[30]},{"code":213,"indent":0,"parameters":[2,9,false]},{"code":205,"indent":0,"parameters":[2,{"list":[{"code":14,"parameters":[0,0],"indent":null},{"code":15,"parameters":[60],"indent":null},{"code":0}],"repeat":false,"skippable":false,"wait":true}]},{"code":505,"indent":0,"parameters":[{"code":14,"parameters":[0,0],"indent":null}]},{"code":505,"indent":0,"parameters":[{"code":15,"parameters":[60],"indent":null}]},{"code":205,"indent":0,"parameters":[2,{"list":[{"code":29,"parameters":[4],"indent":null},{"code":6,"indent":null},{"code":6,"indent":null},{"code":17,"indent":null},{"code":45,"parameters":["this.balloon(3, false);"],"indent":0},{"code":14,"parameters":[0,0],"indent":null},{"code":15,"parameters":[60],"indent":null},{"code":1,"indent":null},{"code":27,"parameters":[4],"indent":null},{"code":15,"parameters":[20],"indent":null},{"code":45,"parameters":["this.balloon(8, true);"],"indent":null},{"code":15,"parameters":[15],"indent":null},{"code":42,"parameters":[0],"indent":null},{"code":0}],"repeat":false,"skippable":false,"wait":true}]},{"code":505,"indent":0,"parameters":[{"code":29,"parameters":[4],"indent":null}]},{"code":505,"indent":0,"parameters":[{"code":6,"indent":null}]},{"code":505,"indent":0,"parameters":[{"code":6,"indent":null}]},{"code":505,"indent":0,"parameters":[{"code":17,"indent":null}]},{"code":505,"indent":0,"parameters":[{"code":45,"parameters":["this.balloon(3, false);"],"indent":0}]},{"code":505,"indent":0,"parameters":[{"code":14,"parameters":[0,0],"indent":null}]},{"code":505,"indent":0,"parameters":[{"code":15,"parameters":[60],"indent":null}]},{"code":505,"indent":0,"parameters":[{"code":1,"indent":null}]},{"code":505,"indent":0,"parameters":[{"code":27,"parameters":[4],"indent":null}]},{"code":505,"indent":0,"parameters":[{"code":15,"parameters":[20],"indent":null}]},{"code":505,"indent":0,"parameters":[{"code":45,"parameters":["this.balloon(8, true);"],"indent":null}]},{"code":505,"indent":0,"parameters":[{"code":15,"parameters":[15],"indent":null}]},{"code":505,"indent":0,"parameters":[{"code":42,"parameters":[0],"indent":null}]},{"code":250,"indent":0,"parameters":[{"name":"Fall","volume":90,"pitch":100,"pan":0}]},{"code":230,"indent":0,"parameters":[60]},{"code":213,"indent":0,"parameters":[3,6,false]},{"code":213,"indent":0,"parameters":[5,6,false]},{"code":213,"indent":0,"parameters":[4,6,true]},{"code":230,"indent":0,"parameters":[60]},{"code":108,"indent":0,"parameters":["----------------------------"]},{"code":232,"indent":0,"parameters":[1,0,1,0,408,312,100,70,200,0,20,true,0]},{"code":357,"indent":0,"parameters":["TextPicture","set","テキストピクチャの設定",{"text":"\\{\\{ゲームバランス調整\n\n　 神無月サスケ"}]},{"code":657,"indent":0,"parameters":["テキスト = \\{\\{ゲームバランス調整  　 神無月サスケ"]},{"code":231,"indent":0,"parameters":[2,"",1,0,408,240,100,100,0,0]},{"code":230,"indent":0,"parameters":[30]},{"code":232,"indent":0,"parameters":[2,0,1,0,408,240,100,100,255,0,60,true,0]},{"code":230,"indent":0,"parameters":[180]},{"code":232,"indent":0,"parameters":[2,0,1,0,408,240,100,100,0,0,30,false,0]},{"code":232,"indent":0,"parameters":[1,0,1,0,408,312,100,100,0,0,40,true,0]},{"code":235,"indent":0,"parameters":[2]},{"code":108,"indent":0,"parameters":["----------------------------"]},{"code":223,"indent":0,"parameters":[[-255,-255,-255,0],15,true]},{"code":117,"indent":0,"parameters":[1]},{"code":201,"indent":0,"parameters":[0,101,10,9,0,2]},{"code":214,"indent":0,"parameters":[]},{"code":0,"indent":0,"parameters":[]}],"moveFrequency":3,"moveRoute":{"list":[{"code":0,"parameters":[]}],"repeat":true,"skippable":false,"wait":false},"moveSpeed":3,"moveType":0,"priorityType":0,"stepAnime":false,"through":false,"trigger":3,"walkAnime":true}],"x":11,"y":11},
{"id":7,"name":"茶上","note":"","pages":[{"conditions":{"actorId":1,"actorValid":false,"itemId":1,"itemValid":false,"selfSwitchCh":"A","selfSwitchValid":false,"switch1Id":1,"switch1Valid":true,"switch2Id":1,"switch2Valid":false,"variableId":1,"variableValid":false,"variableValue":0},"directionFix":false,"image":{"tileId":259,"characterName":"","characterIndex":0,"direction":2,"pattern":0},"list":[{"code":0,"indent":0,"parameters":[]}],"moveFrequency":3,"moveRoute":{"list":[{"code":0,"parameters":[]}],"repeat":true,"skippable":false,"wait":false},"moveSpeed":3,"moveType":0,"priorityType":0,"stepAnime":false,"through":false,"trigger":0,"walkAnime":true}],"x":4,"y":6},
{"id":8,"name":"茶下","note":"","pages":[{"conditions":{"actorId":1,"actorValid":false,"itemId":1,"itemValid":false,"selfSwitchCh":"A","selfSwitchValid":false,"switch1Id":1,"switch1Valid":true,"switch2Id":1,"switch2Valid":false,"variableId":1,"variableValid":false,"variableValue":0},"directionFix":false,"image":{"tileId":258,"characterName":"","characterIndex":0,"direction":2,"pattern":0},"list":[{"code":0,"indent":0,"parameters":[]}],"moveFrequency":3,"moveRoute":{"list":[{"code":0,"parameters":[]}],"repeat":true,"skippable":false,"wait":false},"moveSpeed":3,"moveType":0,"priorityType":0,"stepAnime":false,"through":false,"trigger":0,"walkAnime":true}],"x":4,"y":7},
{"id":9,"name":"茶上","note":"","pages":[{"conditions":{"actorId":1,"actorValid":false,"itemId":1,"itemValid":false,"selfSwitchCh":"A","selfSwitchValid":false,"switch1Id":3,"switch1Valid":true,"switch2Id":1,"switch2Valid":false,"variableId":1,"variableValid":false,"variableValue":0},"directionFix":false,"image":{"tileId":259,"characterName":"","characterIndex":0,"direction":2,"pattern":0},"list":[{"code":0,"indent":0,"parameters":[]}],"moveFrequency":3,"moveRoute":{"list":[{"code":0,"parameters":[]}],"repeat":true,"skippable":false,"wait":false},"moveSpeed":3,"moveType":0,"priorityType":0,"stepAnime":false,"through":false,"trigger":0,"walkAnime":true}],"x":6,"y":6},
{"id":10,"name":"茶下","note":"","pages":[{"conditions":{"actorId":1,"actorValid":false,"itemId":1,"itemValid":false,"selfSwitchCh":"A","selfSwitchValid":false,"switch1Id":3,"switch1Valid":true,"switch2Id":1,"switch2Valid":false,"variableId":1,"variableValid":false,"variableValue":0},"directionFix":false,"image":{"tileId":258,"characterName":"","characterIndex":0,"direction":2,"pattern":0},"list":[{"code":0,"indent":0,"parameters":[]}],"moveFrequency":3,"moveRoute":{"list":[{"code":0,"parameters":[]}],"repeat":true,"skippable":false,"wait":false},"moveSpeed":3,"moveType":0,"priorityType":0,"stepAnime":false,"through":false,"trigger":0,"walkAnime":true}],"x":6,"y":7},
{"id":11,"name":"EV011","note":"","pages":[{"conditions":{"actorId":1,"actorValid":false,"itemId":1,"itemValid":false,"selfSwitchCh":"A","selfSwitchValid":false,"switch1Id":2,"switch1Valid":false,"switch2Id":1,"switch2Valid":false,"variableId":1,"variableValid":false,"variableValue":0},"directionFix":false,"image":{"tileId":256,"characterName":"","characterIndex":0,"direction":2,"pattern":0},"list":[{"code":0,"indent":0,"parameters":[]}],"moveFrequency":3,"moveRoute":{"list":[{"code":0,"parameters":[]}],"repeat":true,"skippable":false,"wait":false},"moveSpeed":3,"moveType":0,"priorityType":0,"stepAnime":false,"through":false,"trigger":0,"walkAnime":true}],"x":5,"y":6}
]
}